"","Observation.ID","Colony","WeatherTime","Observer.ID","Time","Date","Nest.Site","Entrances","Doors","Num.Trails","Trail.IDs","Male.alates","Female.alates","Notes","DateTime","MorningOrEvening","AirTemp","RH","WindSpeedAvg","WindSpeedMax","IrradianceAvg","IrradianceMin","IrradianceMax","LeafWetnessAvg","SoilTemp","SoilMoisture","DewPoint","AirTemp_change","RH_change","IrradianceAvg_change","SoilTemp_change","SoilMoisture_change","DewPoint_change","TimeOfDay","lat","lon","Placement","nearestNeighbor","numberNeighbors","Total.NM","NM.Per.Ent","LuxMean","Total.Rate.Out","Total.Rate.In","Trails.Only","All.Traffic","Net.Rate","Foraging.Flow","repeated","foraging","steady"
"1",21,"42",2023-06-14 05:30:00,"SO/AG",2025-11-20 05:37:00,2023-06-14,"42a",3,18,5,"1 2 3 4 MF1",0,2,"",2023-06-14 05:37:00,"morning",12.03,94.7,0,0,0,0,0,1.354,23.87,0.1,11.2050921974641,0.0299999999999994,0.100000000000009,0,-0.0299999999999976,0,0.0457541956339487,05:30:00,34.69645,-120.04736,"road",8.63281886130762,4,3,1,240,57,34,4,91,23,0.515506732372493,FALSE,TRUE,TRUE
"2",22,"75",2023-06-14 06:15:00,"SO/AG",2025-11-20 06:15:00,2023-06-14,"75a",2,9,0,"",NA,NA,"",2023-06-14 06:15:00,"morning",12.04,94.8,0.016,0.25,3.347,2.222,4.647,1.354,23.7,0.101,11.2309656392039,0.0299999999999994,0.0999999999999943,2.054,0,0.001,0.0457443345942856,06:15:00,34.69633,-120.04749,"field",9.24332592046145,4,0,0,780,NA,NA,0,NA,NA,NA,FALSE,FALSE,FALSE
"3",23,"41",2023-06-14 06:30:00,"SO/AG",2025-11-20 06:24:00,2023-06-14,"41a",2,7,2,"1 2",3,3,"",2023-06-14 06:24:00,"morning",12.09,94.7,0.009,0.275,6.937,4.647,9.9,1.354,23.7,0.101,11.2647048155988,0.0500000000000007,-0.0999999999999943,3.59,0,0,0.0337391763948478,06:30:00,34.69649,-120.04755,"road",11.4875260270969,6,6,3,2090,39,21,2,60,18,0.616849426509299,TRUE,TRUE,TRUE
"4",24,"44",2023-06-14 06:45:00,"SO/AG",2025-11-20 06:51:00,2023-06-14,"44a",2,5,NA,"",NA,NA,"",2023-06-14 06:51:00,"morning",12.08,94.6,0.047,0.725,13.15,10.3,15.56,1.354,23.7,0.101,11.2388115622703,-0.00999999999999979,-0.100000000000009,6.213,0,0,-0.0258932533284852,06:45:00,34.6966,-120.04782,"road",4.284216905956,7,0,0,NA,NA,NA,0,NA,NA,NA,TRUE,FALSE,FALSE
"5",25,"65",2023-06-14 07:00:00,"SO/AG",2025-11-20 07:05:00,2023-06-14,"65a",1,2,3,"1 2 3",0,0,"",2023-06-14 07:05:00,"morning",12.13,94.8,0.158,1.25,17.79,5.253,25.05,1.354,23.54,0.1,11.3203957190092,0.0500000000000007,0.200000000000003,4.64,-0.16,-0.001,0.0815841567389572,07:00:00,34.69672,-120.04779,"field",11.1312755046133,6,1,1,5200,18,7,3,25,11,0.93581715422451,TRUE,TRUE,TRUE
"6",26,"64",2023-06-14 07:15:00,"SO/AG",2025-11-20 07:22:00,2023-06-14,"64a",2,4,5,"1 MF1 3 4 5",0,13,"",2023-06-14 07:22:00,"morning",12.16,94.8,0.03,0.4,22.24,4.849,35.56,1.354,23.5,0.101,11.3502057011597,0.0299999999999994,0,4.45,-0.0399999999999991,0.001,0.0298099821504412,07:15:00,34.69677,-120.04749,"field",28.0411727663436,0,2,1,9100,43,27,4,70,16,0.463989269224047,TRUE,TRUE,TRUE
"7",27,"62",2023-06-14 07:45:00,"SO/AG",2025-11-20 07:43:00,2023-06-14,"62a",1,7,1,"1",1,4,"",2023-06-14 07:43:00,"morning",12.67,93.1,0,0,68.52,59.8,77.18,1.354,23.5,0.099,11.5826429426888,0.23,-1.2,26.62,0,0,0.0343001680293131,07:45:00,34.69683,-120.0479,"field",4.71358308047532,8,4,4,7900,34,26,1,60,8,0.267362069960823,FALSE,TRUE,TRUE
"8",28,"16",2023-06-14 08:00:00,"SO/AG",2025-11-20 08:06:00,2023-06-14,"16a",1,2,1,"MF1",1,0,"",2023-06-14 08:06:00,"morning",12.86,92.4,0,0,68.46,63.24,77.18,1.354,23.46,0.098,11.6566178479257,0.19,-0.699999999999989,-0.0600000000000023,-0.0399999999999991,-0.001,0.0739749052368524,08:00:00,34.69767,-120.05002,"road",8.89230681090016,4,1,1,10700,NA,NA,0,NA,NA,NA,TRUE,FALSE,FALSE
"9",29,"83",2023-06-14 08:15:00,"SO/AG",2025-11-20 08:12:00,2023-06-14,"83a",2,3,2,"1 2",0,1,"",2023-06-14 08:12:00,"morning",12.92,91.8,0.315,1.7,73.68,69.1,80.8,1.354,23.36,0.098,11.6173315949755,0.0600000000000005,-0.600000000000009,5.22000000000001,-0.100000000000001,0,-0.0392862529501397,08:15:00,34.69767,-120.05002,"road",8.89230681090016,4,4,2,13650,5,17,2,22,-12,-1.20983792377833,TRUE,TRUE,FALSE
"10",30,"60",2023-06-14 08:30:00,"SO/AG",2025-11-20 08:26:00,2023-06-14,"60a",2,7,1,"1a",0,0,"",2023-06-14 08:26:00,"morning",12.95,91.6,0,0,80.1,74.76,84.5,1.354,23.3,0.098,11.6139852389986,0.0299999999999994,-0.200000000000003,6.41999999999999,-0.0599999999999987,0,-0.00334635597691424,08:30:00,34.69764,-120.04993,"road",5.84160524268101,6,2,1,15100,2,9,1,11,-7,-1.46633706879343,TRUE,TRUE,FALSE
"11",31,"58",2023-06-14 08:30:00,"SO/AG",2025-11-20 08:34:00,2023-06-14,"58a",1,5,2,"1a 1b",0,0,"",2023-06-14 08:34:00,"morning",12.95,91.6,0,0,80.1,74.76,84.5,1.354,23.3,0.098,11.6139852389986,0.0299999999999994,-0.200000000000003,6.41999999999999,-0.0599999999999987,0,-0.00334635597691424,08:30:00,34.69764,-120.04982,"road",4.71353919717484,7,2,2,16800,6,8,2,14,-2,-0.283575290499127,TRUE,TRUE,TRUE
"12",32,"57",2023-06-14 08:45:00,"SO/AG",2025-11-20 08:42:00,2023-06-14,"57a",3,7,1,"12a",0,0,"",2023-06-14 08:42:00,"morning",13.06,91.3,0,0,98.2,85.7,108.7,1.354,23.3,0.099,11.6731155459579,0.110000000000001,-0.299999999999997,18.1,0,0.001,0.0591303069592488,08:45:00,34.69765,-120.04977,"road",4.71353919719012,7,3,1,17300,18,42,1,60,-24,-0.844135802416556,TRUE,TRUE,TRUE
"13",33,"59",2023-06-14 09:00:00,"SO/AG",2025-11-20 08:53:00,2023-06-14,"59a",1,12,1,"1a",0,0,"",2023-06-14 08:53:00,"morning",13.29,90.2,0.063,1.275,113.3,105.5,122.4,1.354,23.3,0.099,11.7167391718433,0.229999999999999,-1.09999999999999,15.1,0,0,0.0436236258854734,09:00:00,34.69761,-120.04987,"field",4.28417975601189,7,1,1,12700,9,20,1,29,-11,-0.792445401542226,TRUE,TRUE,TRUE
"14",34,"22",2023-06-14 09:00:00,"SO/AG",2025-11-20 09:05:00,2023-06-14,"22a",1,2,2,"1a 1b",0,0,"F alates present in nest",2023-06-14 09:05:00,"morning",13.29,90.2,0.063,1.275,113.3,105.5,122.4,1.354,23.3,0.099,11.7167391718433,0.229999999999999,-1.09999999999999,15.1,0,0,0.0436236258854734,09:00:00,34.69752,-120.04965,"field",7.97873196024706,5,2,2,20600,11,23,2,34,-12,-0.73288750920946,FALSE,TRUE,TRUE
"15",35,"21",2023-06-14 09:15:00,"SO/AG",2025-11-20 09:19:00,2023-06-14,"21a",1,3,1,"1a",0,0,"",2023-06-14 09:19:00,"morning",13.41,89.6,0.016,0.25,119,109.7,135,1.354,23.3,0.099,11.734037778823,0.120000000000001,-0.600000000000009,5.7,0,0,0.0172986069796952,09:15:00,34.69785,-120.04986,"field",8.24602175484304,1,1,1,20000,15,12,1,27,3,0.221489291218183,FALSE,TRUE,TRUE
"16",37,"32",2023-06-15 06:45:00,"SO/AG",2025-11-20 06:48:00,2023-06-15,"32a",2,7,3,"MF1 1a 2a",0,NA,"Males present",2023-06-15 06:48:00,"morning",13.66,91.4,0,0,10.22,1.818,15.76,1.354,24.4,0.1,12.2832973851764,0.0800000000000001,-0.199999999999989,4.974,0,0,0.045876899509242,06:45:00,34.69734,-120.04853,"field",7.97873238055065,3,0,0,5030,8,7,2,15,1,0.131769277631123,TRUE,TRUE,TRUE
"17",39,"31",2023-06-15 07:15:00,"SO/AG",2025-11-20 07:22:00,2023-06-15,"31a",3,5,2,"123a 1a",0,NA,"Foraging trail goes past flag 90, nest maintenance at 90 but no clear signs of habitation",2023-06-15 07:22:00,"morning",13.97,90.3,0,0,37.16,25.46,47.68,1.354,24.37,0.1,12.4052967579384,0.15,-0.400000000000006,15.53,-0.0299999999999976,0,0.0808726465224154,07:15:00,34.69725,-120.04855,"field",9.90102841189553,5,4,1.33333333333333,7230,23,11,2,34,12,0.732887509209459,FALSE,TRUE,TRUE
"18",40,"33",2023-06-15 07:45:00,"SO/AG",2025-11-20 07:38:00,2023-06-15,"33a",5,6,4,"1a 1b 4a 5a",1,NA,"",2023-06-15 07:38:00,"morning",14.43,88.5,0,0,70.31,65.87,73.14,1.354,24.2,0.1,12.5520914034773,0.27,-1.09999999999999,12.57,-0.0100000000000016,0,0.0778355537769144,07:45:00,34.69714,-120.04847,"field",7.41333314163524,6,4,0.8,8634,19,32,3,51,-13,-0.519167695083386,TRUE,TRUE,TRUE
"19",41,"34",2023-06-15 08:00:00,"SO/AG",2025-11-20 08:05:00,2023-06-15,"34a",4,8,2,"4a 1a",0,NA,"Males present",2023-06-15 08:05:00,"morning",14.84,86.6,0,0,77.5,72.33,83.2,1.354,24.2,0.1,12.6243397345122,0.41,-1.90000000000001,7.19,0,0,0.0722483310349613,08:00:00,34.697,-120.04872,"field",7.80947434610356,5,6,1.5,15400,30,49,2,79,-19,-0.489333863045645,FALSE,TRUE,TRUE
"20",42,"35",2023-06-15 08:30:00,"SO/AG",2025-11-20 08:33:00,2023-06-15,"35a",3,10,2,"1a 3a",0,0,"",2023-06-15 08:33:00,"morning",15.3,84.7,0.198,1.65,120.2,102.4,144.7,1.354,24.2,0.1,12.7370052704381,0.31,-1,29.9,0,0,0.124822183301079,08:30:00,34.697,-120.04841,"field",5.75519606669332,9,2,0.666666666666667,24666.6666666667,12,101,2,113,-89,-2.12290467342373,FALSE,TRUE,FALSE
"21",43,"36",2023-06-17 06:30:00,"SO/AG",2025-11-20 06:31:00,2023-06-17,"36a",2,6,4,"1a 1b 2a 2b",1,3,"",2023-06-17 06:31:00,"morning",12.55,98.4,0,0,10.82,5.657,16.57,1.354,25.45,0.1,12.304114565849,0.0400000000000009,0.100000000000009,6.739,-0.150000000000002,0,0.0554027418434053,06:30:00,34.69694,-120.04829,"field",4.28420489884406,7,2,1,4600,38,25,4,63,13,0.417346435994917,FALSE,TRUE,TRUE
"22",44,"37",2023-06-17 06:45:00,"SO/AG",2025-11-20 06:51:00,2023-06-17,"37a",2,4,3,"1a 2a 1b",1,0,"",2023-06-17 06:51:00,"morning",12.47,98.5,0,0,23.01,16.97,28.69,1.354,25.4,0.1,12.2397292971829,-0.0800000000000001,0.0999999999999943,12.19,-0.0500000000000007,0,-0.0643852686661184,06:45:00,34.69697,-120.04819,"field",7.80947801678466,5,2,1,7155,45,30,3,75,15,0.404357074753803,FALSE,TRUE,TRUE
"23",45,"38",2023-06-17 07:15:00,"SO/AG",2025-11-20 07:09:00,2023-06-17,"38a",1,3,5,"1a 1b 1c 1d 1e",4,2,"",2023-06-17 07:09:00,"morning",12.71,98.7,0,0,55.22,45.66,63.85,1.354,25.39,0.1,12.5102352863748,0.170000000000002,0.100000000000009,18.18,-0.00999999999999801,0,0.185176492189392,07:15:00,34.69692,-120.04825,"field",4.28420489866864,7,4,4,8870,68,39,5,107,29,0.554854746164147,FALSE,TRUE,TRUE
"24",46,"90",2023-06-17 07:30:00,"SO/AG",2025-11-20 07:28:00,2023-06-17,"90a",2,4,4,"1a 2a 2b 1b",2,0,"",2023-06-17 07:28:00,"morning",12.88,98.6,0,0,68.92,60.41,79.2,1.354,25.25,0.101,12.6644869581361,0.17,-0.100000000000009,13.7,-0.140000000000001,0.001,0.15425167176134,07:30:00,34.69684,-120.04806,"field",10.3199178175132,9,2,1,13500,50,22,4,72,28,0.818443399567112,TRUE,TRUE,TRUE
"25",47,"39",2023-06-17 07:45:00,"SO/AG",2025-11-20 07:42:00,2023-06-17,"39a",1,1,3,"1a 1b 1c",1,3,"",2023-06-17 07:42:00,"morning",13.01,98.5,0,0,102.8,80.4,118.8,1.354,25.11,0.102,12.778755696609,0.129999999999999,-0.0999999999999943,33.88,-0.140000000000001,0.000999999999999987,0.114268738472854,07:45:00,34.69696,-120.04797,"field",5.62191542168327,4,6,6,13700,32,28,3,60,4,0.13308645379627,TRUE,TRUE,TRUE
"26",48,"62",2023-06-17 08:00:00,"SO/AG",2025-11-20 07:59:00,2023-06-17,"62a",1,5,2,"1a 1b",0,0,"F alates present in nest",2023-06-17 07:59:00,"morning",13.24,98.3,0,0,113.1,103.4,124.5,1.354,25.1,0.102,12.9772181442516,0.23,-0.200000000000003,10.3,-0.00999999999999801,0,0.198462447642614,08:00:00,34.69683,-120.0479,"field",4.71358308047532,8,5,5,19000,51,33,2,84,18,0.434251214826641,FALSE,TRUE,TRUE
"27",49,"68",2023-06-17 08:15:00,"SO/AG",2025-11-20 08:17:00,2023-06-17,"68a",1,5,1,"1a",0,0,"Alates present (sex unknown)",2023-06-17 08:17:00,"morning",13.43,98.2,0,0,142.1,113.7,168.7,1.354,25.1,0.102,13.1512235642271,0.19,-0.0999999999999943,29,0,0,0.174005419975451,08:15:00,34.69622,-120.04696,"field",9.60177732574888,3,2,2,42300,43,71,1,114,-28,-0.500564339699493,FALSE,TRUE,TRUE
"28",51,"71",2023-06-17 08:30:00,"SO/AG",2025-11-20 08:30:00,2023-06-17,"71a",3,NA,2,"13a 2a",0,0,"",2023-06-17 08:30:00,"morning",14.35,97,0,0,248.3,170.9,392.4,1.354,25.1,0.102,13.8795094168559,0.92,-1.2,106.2,0,0,0.728285852628874,08:30:00,34.69611,-120.0474,"field",9.51442902549541,3,5,1.66666666666667,66433.3333333333,23,205,2,228,-182,-2.18366504755059,TRUE,TRUE,FALSE
"29",52,"72",2023-06-17 08:45:00,"SO/AG",2025-11-20 08:47:00,2023-06-17,"72a",1,7,3,"1a 1b 1c",0,0,"",2023-06-17 08:47:00,"morning",16.67,85.8,0,0,403.6,384.5,425.5,1.354,25.1,0.102,14.2793083742233,2.32,-11.2,155.3,0,0,0.399798957367331,08:45:00,34.69604,-120.04746,"field",9.51442902533583,4,2,2,43100,12,160,3,172,-148,-2.58259316739997,TRUE,TRUE,FALSE
"30",53,"9",2023-06-18 05:15:00,"SO/AG",2025-11-20 05:12:00,2023-06-18,"9a",2,3,3,"2a 1b 1c",0,0,"Alates present (sex unknown)",2023-06-18 05:12:00,"morning",10.91,99.1,0,0,0,0,0,45.76,26.4,0.1,10.7738822202686,0.0700000000000003,0,0,0,-0.001,0.0699250137352365,05:15:00,34.69712,-120.04942,"field",7.19399250635417,3,1,0.5,26,13,15,3,28,-2,-0.142082513613773,TRUE,TRUE,TRUE
"31",54,"8",2023-06-18 05:30:00,"SO/AG",2025-11-20 05:35:00,2023-06-18,"8a",1,4,3,"1a 1b MF1",0,0,"Alates present (sex unknown)",2023-06-18 05:35:00,"morning",10.83,99.2,0,0,0,0,0,46.91,26.26,0.1,10.7091362453917,-0.0800000000000001,0.100000000000009,0,-0.139999999999997,0,-0.0647459748768746,05:30:00,34.69707,-120.04937,"field",7.19399250631678,6,0,0,197,15,35,2,50,-20,-0.843506386650941,TRUE,TRUE,TRUE
"32",55,"97",2023-06-18 06:00:00,"SO/AG",2025-11-20 05:58:00,2023-06-18,"97a",1,3,2,"MF1 1b",1,0,"",2023-06-18 05:58:00,"morning",10.46,99.3,0,0,1.785,0.808,2.829,54.82,26.2,0.103,10.354598844118,-0.0399999999999991,0.0999999999999943,1.495,0,0.001,-0.0248512398847947,06:00:00,34.69804,-120.0498,"field",4.43740226359447,2,5,5,745,23,14,1,37,9,0.493657820143625,TRUE,TRUE,TRUE
"33",56,"94",2023-06-18 06:15:00,"SO/AG",2025-11-20 06:11:00,2023-06-18,"94a",2,4,3,"1a MF1 1b",0,0,"",2023-06-18 06:11:00,"morning",10.68,99.4,0,0,3.967,3.031,4.446,59.72,26.2,0.103,10.5895394494902,0.219999999999999,0.100000000000009,2.182,0,0,0.2349406053722,06:15:00,34.69828,-120.0496,"field",13.2962845958388,1,0,0,1540,32,24,2,56,8,0.286644189639361,TRUE,TRUE,TRUE
"34",57,"106",2023-06-18 06:30:00,"SO/AG",2025-11-20 06:29:00,2023-06-18,"106a",1,2,2,"MF1 1b",0,0,"Alates present (sex unknown)",2023-06-18 06:29:00,"morning",10.59,99.4,0,0,8.95,4.648,13.94,61.24,26.01,0.102,10.4996035831084,-0.0899999999999999,0,4.983,-0.189999999999998,-0.001,-0.0899358663818077,06:30:00,34.69771,-120.04886,"field",6.42626428807566,9,3,3,2330,9,6,1,15,3,0.399985642343539,TRUE,TRUE,TRUE
"35",58,"107",2023-06-18 06:45:00,"SO/AG",2025-11-20 06:39:00,2023-06-18,"107a",1,2,4,"1a 1b 1c 1d",2,0,"",2023-06-18 06:39:00,"morning",10.33,99.5,0.433,1.525,19.74,14.55,23.24,68.69,25.9,0.101,10.2548572247745,-0.26,0.0999999999999943,10.79,-0.110000000000003,-0.000999999999999987,-0.244746358333908,06:45:00,34.69768,-120.04892,"field",6.42626428793832,10,2,2,3300,34,25,4,59,9,0.306429538151733,TRUE,TRUE,TRUE
"36",59,"105",2023-06-18 07:00:00,"SO/AG",2025-11-20 06:53:00,2023-06-18,"105a",1,1,3,"1a 1b 1c",2,0,"Why two NM entries, one entrance?",2023-06-18 06:53:00,"morning",10.46,99.5,0.813,1.35,32.28,23.44,42.84,80.1,25.9,0.1,10.3847801317269,0.130000000000001,0,12.54,0,-0.001,0.1299229069524,07:00:00,34.69761,-120.04893,"field",7.81931775181214,7,2,2,5160,8,11,3,19,-3,-0.315081046639895,TRUE,TRUE,TRUE
"37",60,"95",2023-06-18 07:15:00,"SO/AG",2025-11-20 07:08:00,2023-06-18,"95a",3,11,5,"MF1 1a 1b 1c MF2",0,0,"",2023-06-18 07:08:00,"morning",10.74,99.5,0.589,1.675,50.59,42.84,60.82,97,25.9,0.1,10.6646139509523,0.279999999999999,0,18.31,0,0,0.279833819225377,07:15:00,34.69779,-120.04883,"field",8.0499634211988,7,2,0.666666666666667,10273.3333333333,35,22,3,57,13,0.462623521948113,TRUE,TRUE,TRUE
"38",61,"50",2023-06-18 07:30:00,"SO/AG",2025-11-20 07:34:00,2023-06-18,"50a",2,6,3,"1a 1b MF1",0,0,"",2023-06-18 07:34:00,"morning",11.1,99.6,0.057,0.625,68.02,61.84,77.6,100.9,25.7,0.1,11.0395467599843,0.359999999999999,0.0999999999999943,17.43,-0.199999999999999,0,0.374932809032046,07:30:00,34.69706,-120.04893,"road",10.597259723501,2,4,2,13150,51,27,2,78,24,0.634250769324003,TRUE,TRUE,TRUE
"39",62,"18",2023-06-18 18:15:00,"SO/AG",2025-11-20 18:16:00,2023-06-18,"18a",1,6,1,"MF1",0,0,"Used flashlight to see doors - we saw workers form fan/trail then die out during assay",2023-06-18 18:16:00,"evening",22.41,55.53,3.884,4.925,323.2,303.6,345.6,1.353,28.76,0.103,13.0687164751486,-0.699999999999999,1.21,-43.5,0.16,-0.001,-0.31274187758317,18:15:00,34.69783,-120.05025,"road",27.5522778191893,0,1,1,35200,NA,NA,0,NA,NA,NA,TRUE,FALSE,FALSE
"40",63,"3",2023-06-18 18:30:00,"SO/AG",2025-11-20 18:32:00,2023-06-18,"3a",2,5,5,"1a 2a 2b 2c MF1",0,0,"",2023-06-18 18:32:00,"evening",21.62,57.78,3.698,5.375,261.7,159.4,301.7,1.353,28.9,0.103,12.9397411974464,-0.789999999999999,2.25,-61.5,0.139999999999997,0,-0.128975277702231,18:30:00,34.69674,-120.04833,"road",8.89239216635988,2,6,3,25150,161,77,4,238,84,0.736922009613645,TRUE,TRUE,TRUE
"41",64,"2",2023-06-18 19:00:00,"SO/AG",2025-11-20 18:57:00,2023-06-18,"02a",1,4,3,"1a 1b 1c",0,0,"",2023-06-18 18:57:00,"evening",19.94,63.02,4.274,5.35,189.8,170.1,210.3,1.353,28.9,0.103,12.687002855625,-1.04,3.13,-33.9,0,0,-0.201548947045881,19:00:00,34.69671,-120.04824,"road",8.8923921663039,3,5,5,18500,62,19,3,81,43,1.17905765388685,TRUE,TRUE,FALSE
"42",65,"71",2023-06-18 19:30:00,"SO/AG",2025-11-20 19:26:00,2023-06-18,"71a",3,6,3,"1b 2a 2b",0,0,"",2023-06-18 19:26:00,"evening",18.47,67.64,3.697,5.5,111.4,92.5,131.7,1.353,28.9,0.103,12.3702361190846,-0.600000000000001,1.72,-39.6,0,0,-0.178670176713242,19:30:00,34.69611,-120.0474,"field",9.51442902549541,3,5,1.66666666666667,2683.33333333333,93,156,3,249,-63,-0.516822643238365,TRUE,TRUE,TRUE
"43",66,"72",2023-06-18 19:45:00,"SO/AG",2025-11-20 19:47:00,2023-06-18,"72a",1,10,5,"1a 1b 1c 1d MF1",0,0,"",2023-06-18 19:47:00,"evening",17.76,69.56,3.368,4.825,72.33,53.12,91.1,1.353,28.9,0.103,12.1178762506968,-0.709999999999997,1.92,-39.07,0,0,-0.252359868387749,19:45:00,34.69604,-120.04746,"field",9.51442902533583,4,3,3,1490,45,52,4,97,-7,-0.144282702250689,TRUE,TRUE,TRUE
"44",67,"73",2023-06-18 20:00:00,"SO/AG",2025-11-20 20:02:00,2023-06-18,"73a",1,12,2,"1a 1b",0,0,"",2023-06-18 20:02:00,"evening",16.86,72.38,3.348,4.275,34.79,13.33,51.71,1.353,28.9,0.103,11.8580260397225,-0.900000000000002,2.81999999999999,-37.54,0,0,-0.259850210974363,20:00:00,34.69611,-120.04762,"field",8.32047901145336,2,2,2,570,20,42,2,62,-22,-0.739327925623306,TRUE,TRUE,TRUE
"45",68,"74",2023-06-18 20:15:00,"SO/AG",2025-11-20 20:13:00,2023-06-18,"74a",1,1,2,"1a 1b",0,0,"",2023-06-18 20:13:00,"evening",15.6,77.19,2.826,3.5,9.72,6.665,12.72,1.353,28.9,0.103,11.6168407079447,-1.26,4.81,-25.07,0,0,-0.241185331777766,20:15:00,34.69612,-120.04753,"field",8.32047901146543,3,0,0,130,10,11,2,21,-1,-0.0944096844710746,TRUE,TRUE,TRUE
"46",69,"70",2023-06-18 20:30:00,"SO/AG",2025-11-20 20:26:00,2023-06-18,"70a",1,3,1,"MF1",0,0,"",2023-06-18 20:26:00,"evening",14.76,80.9,2.903,4.3,3.939,2.02,6.261,1.353,28.9,0.103,11.5110067128969,-0.84,3.71000000000001,-5.781,0,0,-0.105833995047755,20:30:00,34.69598,-120.04737,"field",10.5973377517098,2,3,3,60,NA,NA,0,NA,NA,NA,TRUE,FALSE,FALSE
"47",70,"16",2023-06-19 05:15:00,"SO/AG",2025-11-20 05:19:00,2023-06-19,"16a",1,2,1,"1a",3,3,"",2023-06-19 05:19:00,"morning",11.63,90.8,0.37,2.725,0,0,0,1.354,26.39,0.102,10.1762400107912,-0.0199999999999996,-0.5,0,-0.00999999999999801,0.000999999999999987,-0.102059314207416,05:15:00,34.69767,-120.05002,"road",8.89230681090016,4,0,0,12,14,14,1,28,0,0,TRUE,TRUE,TRUE
"48",71,"83",2023-06-19 05:30:00,"SO/AG",2025-11-20 05:27:00,2023-06-19,"83a",1,2,1,"1a",2,4,"",2023-06-19 05:27:00,"morning",11.59,90,1.467,2.375,0,0,0,1.354,26.21,0.103,10.0042633318309,-0.0400000000000009,-0.799999999999997,0,-0.18,0.001,-0.1719766789603,05:30:00,34.69767,-120.05002,"road",8.89230681090016,4,0,0,40,13,28,1,41,-15,-0.763157346132594,TRUE,TRUE,TRUE
"49",72,"55",2023-06-19 05:45:00,"SO/AG",2025-11-20 05:39:00,2023-06-19,"55a",4,7,3,"4a 3a 1a",0,1,"Male alates present (none emerged)",2023-06-19 05:39:00,"morning",11.59,89.8,1.353,2.3,0.411,0,0.808,1.354,26.2,0.103,9.9709932124926,0,-0.200000000000003,0.411,-0.0100000000000016,0,-0.0332701193382974,05:45:00,34.69745,-120.04963,"road",7.97873195999015,4,5,1.25,527.5,39,28,3,67,11,0.33035289065162,TRUE,TRUE,TRUE
"50",73,"54",2023-06-19 06:00:00,"SO/AG",2025-11-20 05:56:00,2023-06-19,"54a",3,7,4,"1a 2a 3a 1b",0,1,"",2023-06-19 05:56:00,"morning",11.68,89.7,1.185,2.325,1.643,1.01,2.425,1.354,26.2,0.103,10.0431812496991,0.0899999999999999,-0.0999999999999943,1.232,0,0,0.0721880372065069,06:00:00,34.69734,-120.04949,"road",5.62191508176868,4,4,1.33333333333333,1936.66666666667,29,22,4,51,7,0.27516056565374,TRUE,TRUE,TRUE
"51",74,"59",2023-06-19 06:15:00,"SO/AG",2025-11-20 06:19:00,2023-06-19,"59a",1,14,4,"1a 1b MF1 1d",0,0,"",2023-06-19 06:19:00,"morning",11.7,89.7,1.028,1.85,4.014,2.425,8.28,1.354,26.2,0.102,10.0629251076649,0.0199999999999996,0,2.371,0,-0.001,0.0197438579657874,06:15:00,34.69761,-120.04987,"field",4.28417975601189,7,3,3,3050,34,18,3,52,16,0.633385446017691,TRUE,TRUE,TRUE
"52",75,"39",2023-06-19 06:45:00,"SO/AG",2025-11-20 06:39:00,2023-06-19,"39a",1,1,3,"1a 1b 1c",3,3,"",2023-06-19 06:39:00,"morning",11.64,88.7,2.187,3.175,19.61,5.455,27.88,1.354,25.9,0.102,9.83612546772496,-0.0199999999999996,-0.200000000000003,7.74,-0.0800000000000018,0,-0.0533694246188592,06:45:00,34.69696,-120.04797,"field",5.62191542168327,4,2,2,4880,21,22,3,43,-1,-0.0463045680416863,TRUE,TRUE,TRUE
"53",76,"90",2023-06-19 07:00:00,"SO/AG",2025-11-20 06:59:00,2023-06-19,"90a",2,4,3,"1a 2a 2b",16,0,"",2023-06-19 06:59:00,"morning",11.7,88.4,1.53,2.675,33.95,28.29,40.41,1.354,25.9,0.101,9.84465974759298,0.0599999999999987,-0.299999999999997,14.34,0,-0.000999999999999987,0.00853427986801947,07:00:00,34.69684,-120.04806,"field",10.3199178175132,9,0,0,7105,22,22,3,44,0,0,TRUE,TRUE,TRUE
"54",77,"66",2023-06-19 07:15:00,"SO/AG",2025-11-20 07:16:00,2023-06-19,"66a",1,1,1,"1a",0,0,"",2023-06-19 07:16:00,"morning",11.99,87.9,0.513,1.65,51.26,41.82,56.57,1.354,25.89,0.101,10.0455557617229,0.290000000000001,-0.5,17.31,-0.00999999999999801,0,0.200896014129869,07:15:00,34.69648,-120.04714,"field",10.4395388738376,2,0,0,7550,12,7,1,19,5,0.533110668555426,TRUE,TRUE,TRUE
"55",78,"65",2023-06-19 17:15:00,"SO/AG",2025-11-20 17:19:00,2023-06-19,"65a",1,2,2,"1a 1b",0,0,"",2023-06-19 17:19:00,"evening",20.4,50.41,5.143,6.875,350.3,31.91,525.1,1.353,28,0.102,9.74498727014767,-0.690000000000001,1.45999999999999,-45.2,0,-0.001,-0.195135656982636,17:15:00,34.69672,-120.04779,"field",11.1312755046133,6,1,1,37600,38,18,2,56,20,0.744302343860875,TRUE,TRUE,TRUE
"56",79,"33",2023-06-19 17:30:00,"SO/AG",2025-11-20 17:36:00,2023-06-19,"33a",4,12,5,"1a 2a 23a MF1 4a",0,0,"",2023-06-19 17:36:00,"evening",20.32,50.72,4.722,6.95,455.3,326.6,481.3,1.353,28.14,0.102,9.7628137232841,-0.0799999999999983,0.310000000000002,105,0.140000000000001,0,0.0178264531364309,17:30:00,34.69714,-120.04847,"field",7.41333314163524,6,0,0,46925,87,53,3,140,34,0.494879955610564,TRUE,TRUE,TRUE
"57",80,"32",2023-06-19 18:15:00,"SO/AG",2025-11-20 18:09:00,2023-06-19,"32a",2,6,2,"1a 2a",0,0,"",2023-06-19 18:09:00,"evening",19.5,52.12,4.59,6.15,326.4,302.4,349.2,1.353,28.3,0.102,9.41182328257537,-0.300000000000001,0.669999999999995,-35.4,0,0,-0.084494638429538,18:15:00,34.69734,-120.04853,"field",7.97873238055065,3,4,2,23200,26,21,2,47,5,0.212662273846627,TRUE,TRUE,TRUE
"58",81,"123",2023-06-19 18:30:00,"SO/AG",2025-11-20 18:34:00,2023-06-19,"123a",3,5,3,"1a MF/3a 3b",0,0,"Unflagged",2023-06-19 18:34:00,"evening",19.03,52.44,4.616,6.375,280.1,258.9,301.3,1.353,28.33,0.102,9.06804960148575,-0.469999999999999,0.32,-46.3,0.0299999999999976,0,-0.343773681089615,18:30:00,34.69704,-120.04827,"field",8.32038761150082,6,8,2.66666666666667,12196.6666666667,31,27,2,58,4,0.137674091299533,TRUE,TRUE,TRUE
"59",82,"58",2023-06-19 19:00:00,"SO/AG",2025-11-20 18:57:00,2023-06-19,"58a",1,7,2,"1a 1b",0,0,"",2023-06-19 18:57:00,"evening",18.58,53.73,4.232,5.875,197.8,177.9,216.9,1.353,28.6,0.104,9.0116930989859,-0.330000000000002,0.859999999999999,-40.9,0.0100000000000016,0.001,-0.0664951529151896,19:00:00,34.69764,-120.04982,"road",4.71353919717484,7,5,5,15000,30,24,2,54,6,0.222313331258221,TRUE,TRUE,TRUE
"60",83,"41",2023-06-19 19:00:00,"SO/AG",2025-11-20 19:07:00,2023-06-19,"41a",4,21,2,"1a 4a",0,0,"",2023-06-19 19:07:00,"evening",18.58,53.73,4.232,5.875,197.8,177.9,216.9,1.353,28.6,0.104,9.0116930989859,-0.330000000000002,0.859999999999999,-40.9,0.0100000000000016,0.001,-0.0664951529151896,19:00:00,34.69649,-120.04755,"road",11.4875260270969,6,12,3,13125,109,42,2,151,67,0.952217152150689,TRUE,TRUE,TRUE
"61",84,"53",2023-06-19 19:15:00,"SO/AG",2025-11-20 19:22:00,2023-06-19,"53a",1,7,4,"1a 1b 1c 1d",0,0,"",2023-06-19 19:22:00,"evening",18.15,55.16,3.92,5.5,155.8,135.5,176.7,1.353,28.6,0.104,9.0016957448977,-0.43,1.43,-42,0,0,-0.00999735408819902,19:15:00,34.69729,-120.04926,"road",9.74801751944913,4,4,4,8420,54,75,4,129,-21,-0.327986372917653,TRUE,TRUE,TRUE
"62",85,"48",2023-06-19 19:45:00,"SO/AG",2025-11-20 19:39:00,2023-06-19,"48a",1,9,3,"1a 1b 1c",0,0,"Femal alates present",2023-06-19 19:39:00,"evening",17.08,52.44,2.623,3.85,77.11,57.36,95.1,1.353,28.6,0.104,7.26292713166873,-0.740000000000002,-3.16,-38.59,0,0,-1.54912302195152,19:45:00,34.69683,-120.04842,"road",12.9492056974049,4,4,4,2550,50,39,3,89,11,0.247898541099499,TRUE,TRUE,TRUE
"63",86,"18",2023-06-20 05:30:00,"SO/AG",2025-11-20 05:29:00,2023-06-20,"18a",1,5,0,"",0,0,"Nest activity",2023-06-20 05:29:00,"morning",4.373,98.3,0,0,0.047,0,0.202,268.7,25.27,0.101,4.12807332461515,-0.414,0,0.047,-0.129999999999999,0,-0.413180307233217,05:30:00,34.69783,-120.05025,"road",27.5522778191893,0,1,1,50,NA,NA,0,NA,NA,NA,TRUE,FALSE,FALSE
"64",87,"3",2023-06-20 05:30:00,"SO/AG",2025-11-20 05:36:00,2023-06-20,"3a",2,5,0,"",0,0,"Mound activity",2023-06-20 05:36:00,"morning",4.373,98.3,0,0,0.047,0,0.202,268.7,25.27,0.101,4.12807332461515,-0.414,0,0.047,-0.129999999999999,0,-0.413180307233217,05:30:00,34.69674,-120.04833,"road",8.89239216635988,2,2,1,660,NA,NA,0,NA,NA,NA,TRUE,FALSE,FALSE
"65",88,"2",2023-06-20 05:45:00,"SO/AG",2025-11-20 05:39:00,2023-06-20,"2a",1,2,0,"",0,0,"Mound activty",2023-06-20 05:39:00,"morning",4.64,98.5,0,0,0.654,0.202,1.415,275.2,25.1,0.101,4.42361590170727,0.266999999999999,0.200000000000003,0.607,-0.169999999999998,0,0.295542577092129,05:45:00,34.69671,-120.04824,"road",8.8923921663039,3,0,0,230,NA,NA,0,NA,NA,NA,TRUE,FALSE,FALSE
"66",89,"74",2023-06-20 05:45:00,"SO/AG",2025-11-20 05:44:00,2023-06-20,"74a",1,NA,0,"",NA,NA,"No activity",2023-06-20 05:44:00,"morning",4.64,98.5,0,0,0.654,0.202,1.415,275.2,25.1,0.101,4.42361590170727,0.266999999999999,0.200000000000003,0.607,-0.169999999999998,0,0.295542577092129,05:45:00,34.69612,-120.04753,"field",8.32047901146543,3,0,0,370,NA,NA,0,NA,NA,NA,TRUE,FALSE,FALSE
"67",90,"72",2023-06-20 05:45:00,"SO/AG",2025-11-20 05:47:00,2023-06-20,"72a",1,7,0,"",1,1,"Nest activity",2023-06-20 05:47:00,"morning",4.64,98.5,0,0,0.654,0.202,1.415,275.2,25.1,0.101,4.42361590170727,0.266999999999999,0.200000000000003,0.607,-0.169999999999998,0,0.295542577092129,05:45:00,34.69604,-120.04746,"field",9.51442902533583,4,2,2,640,NA,NA,0,NA,NA,NA,TRUE,FALSE,FALSE
"68",91,"73",2023-06-20 05:45:00,"SO/AG",2025-11-20 05:51:00,2023-06-20,"73a",1,7,0,"",0,0,"Nest activity",2023-06-20 05:51:00,"morning",4.64,98.5,0,0,0.654,0.202,1.415,275.2,25.1,0.101,4.42361590170727,0.266999999999999,0.200000000000003,0.607,-0.169999999999998,0,0.295542577092129,05:45:00,34.69611,-120.04762,"field",8.32047901145336,2,0,0,620,NA,NA,0,NA,NA,NA,TRUE,FALSE,FALSE
"69",92,"70",2023-06-20 06:00:00,"SO/AG",2025-11-20 05:54:00,2023-06-20,"70a",1,4,0,"",0,0,"Nest activity, Male alates present (none emerged)",2023-06-20 05:54:00,"morning",4.42,98.5,0,0,3.639,1.82,6.065,162.8,25.1,0.101,4.20399984274038,-0.22,0,2.985,0,0,-0.219616058966892,06:00:00,34.69598,-120.04737,"field",10.5973377517098,2,2,2,950,NA,NA,0,NA,NA,NA,TRUE,FALSE,FALSE
"70",93,"71",2023-06-20 06:00:00,"SO/AG",2025-11-20 05:58:00,2023-06-20,"71a",3,5,0,"",0,0,"Nest activity",2023-06-20 05:58:00,"morning",4.42,98.5,0,0,3.639,1.82,6.065,162.8,25.1,0.101,4.20399984274038,-0.22,0,2.985,0,0,-0.219616058966892,06:00:00,34.69611,-120.0474,"field",9.51442902549541,3,4,1.33333333333333,1136.66666666667,NA,NA,0,NA,NA,NA,TRUE,FALSE,FALSE
"71",94,"106",2023-06-20 17:45:00,"SO/AG",2025-11-20 17:44:00,2023-06-20,"106a",1,2,2,"1a 1b",0,0,"",2023-06-20 17:44:00,"evening",22.42,36.71,5.464,7.425,429.8,406.2,452,1.353,27.5,0.104,6.88968209688277,0.0400000000000027,0.0700000000000003,-45.5,0.25,0,0.0632966259839058,17:45:00,34.69771,-120.04886,"field",6.42626428807566,9,0,0,24900,59,15,2,74,44,1.36453618059117,TRUE,TRUE,FALSE
"72",95,"107",2023-06-20 18:00:00,"SO/AG",2025-11-20 17:55:00,2023-06-20,"107a",2,2,4,"1a 1b 2a MF1",0,0,"Check with Ale",2023-06-20 17:55:00,"evening",22.06,37.64,4.743,6.525,383.6,361.5,406.2,1.353,27.5,0.104,6.93517654020783,-0.360000000000003,0.93,-46.2,0,0,0.045494443325059,18:00:00,34.69768,-120.04892,"field",6.42626428793832,10,0,0,11320,96,62,3,158,34,0.436643327036814,TRUE,TRUE,TRUE
"73",96,"105",2023-06-20 18:15:00,"SO/AG",2025-11-20 18:12:00,2023-06-20,"105a",1,1,3,"1a 1b MF1",0,0,"",2023-06-20 18:12:00,"evening",21.73,38.24,3.653,6.6,339,315.7,362.1,1.353,27.5,0.104,6.87223546695172,-0.329999999999998,0.600000000000001,-44.6,0,0,-0.0629410732561109,18:15:00,34.69761,-120.04893,"field",7.81931775181214,7,3,3,18100,5,6,1,11,-1,-0.179048231448985,TRUE,TRUE,TRUE
"74",97,"95",2023-06-20 18:30:00,"SO/AG",2025-11-20 18:27:00,2023-06-20,"95a",4,14,4,"234a 3a 1a 24a",0,0,"",2023-06-20 18:27:00,"evening",21.26,39.22,3.431,5.75,291.6,268.6,314.7,1.353,27.53,0.104,6.82192643704459,-0.469999999999999,0.979999999999997,-47.4,0.0300000000000011,0,-0.0503090299071332,18:30:00,34.69779,-120.04883,"field",8.0499634211988,7,1,0.25,11480,48,89,4,137,-41,-0.616477157365048,TRUE,TRUE,TRUE
"75",98,"94",2023-06-20 19:00:00,"SO/AG",2025-11-20 19:02:00,2023-06-20,"94a",2,6,4,"1a 2a 1b 1c",0,0,"",2023-06-20 19:02:00,"evening",20.12,40.95,4.277,5.975,200.8,180.6,222.2,1.353,27.8,0.102,6.42872880210189,-0.539999999999999,0.810000000000002,-44.8,0.0100000000000016,-0.002,-0.194013337421031,19:00:00,34.69828,-120.0496,"field",13.2962845958388,1,1,0.5,4520,71,101,3,172,-30,-0.352022789217231,TRUE,TRUE,TRUE
"76",99,"97",2023-06-20 19:30:00,"SO/AG",2025-11-20 19:25:00,2023-06-20,"97a",1,4,3,"1a 1b 1c",0,0,"",2023-06-20 19:25:00,"evening",18.89,45.2,3.213,5.1,119,99.8,137.7,1.353,27.8,0.102,6.7540729954276,-0.41,2.2,-39.9,0,0,0.354441206209437,19:30:00,34.69804,-120.0498,"field",4.43740226359447,2,1,1,2470,65,72,3,137,-7,-0.10212949507638,TRUE,TRUE,TRUE
"77",100,"9",2023-06-20 19:45:00,"SO/AG",2025-11-20 19:47:00,2023-06-20,"9a",2,3,3,"1a 2a 1b",0,0,"",2023-06-20 19:47:00,"evening",18.01,39.22,3.229,4.425,78.59,58.57,98.2,1.353,27.8,0.101,3.91525433348032,-0.879999999999999,-5.98,-40.41,0,-0.000999999999999987,-2.83881866194729,19:45:00,34.69712,-120.04942,"field",7.19399250635417,3,4,2,1864.5,13,43,3,56,-30,-1.1909107669026,TRUE,TRUE,FALSE
"78",101,"8",2023-06-20 20:00:00,"SO/AG",2025-11-20 20:02:00,2023-06-20,"8a",1,7,3,"1a 1b 1c",0,0,"",2023-06-20 20:02:00,"evening",16.94,51.66,3.889,5.7,39.98,19.59,57.36,1.353,27.8,0.101,6.91439476702072,-1.07,12.44,-38.61,0,0,2.9991404335404,20:00:00,34.69707,-120.04937,"field",7.19399250631678,6,0,0,500,52,84,3,136,-32,-0.478841618219581,TRUE,TRUE,TRUE
"79",102,"60",2023-06-21 05:30:00,"SO/AG",2025-11-20 05:30:00,2023-06-21,"60a",2,8,0,"",0,0,"Nest activity, alates present",2023-06-21 05:30:00,"morning",4.508,97,0,0,0.034,0,0.202,69.7,24.7,0.101,4.07276129739847,-0.294,0.0999999999999943,0.034,0,0.002,-0.278219932203743,05:30:00,34.69764,-120.04993,"road",5.84160524268101,6,0,0,52.5,NA,NA,0,NA,NA,NA,TRUE,FALSE,FALSE
"80",103,"57",2023-06-21 05:30:00,"SO/AG",2025-11-20 05:34:00,2023-06-21,"57a",1,6,0,"",0,0,"Mound activity, alates present",2023-06-21 05:34:00,"morning",4.508,97,0,0,0.034,0,0.202,69.7,24.7,0.101,4.07276129739847,-0.294,0.0999999999999943,0.034,0,0.002,-0.278219932203743,05:30:00,34.69765,-120.04977,"road",4.71353919719012,7,0,0,120,NA,NA,0,NA,NA,NA,TRUE,FALSE,FALSE
"81",104,"46",2023-06-21 05:45:00,"SO/AG",2025-11-20 05:39:00,2023-06-21,"46a",2,2,0,"",0,0,"Nest activity, new entrance?",2023-06-21 05:39:00,"morning",4.266,97.2,0,0,0.633,0.202,1.415,78.94,24.57,0.101,3.86093728797045,-0.242,0.200000000000003,0.599,-0.129999999999999,0,-0.211824009428027,05:45:00,34.69661,-120.04812,"road",10.1803611221652,6,0,0,770,NA,NA,0,NA,NA,NA,TRUE,FALSE,FALSE
"82",105,"45",2023-06-21 05:45:00,"SO/AG",2025-11-20 05:43:00,2023-06-21,"45a",1,6,0,"",0,0,"Nest activity",2023-06-21 05:43:00,"morning",4.266,97.2,0,0,0.633,0.202,1.415,78.94,24.57,0.101,3.86093728797045,-0.242,0.200000000000003,0.599,-0.129999999999999,0,-0.211824009428027,05:45:00,34.69665,-120.0479,"road",9.19205970555351,10,2,2,410,NA,NA,0,NA,NA,NA,TRUE,FALSE,FALSE
"83",106,"44",2023-06-21 05:45:00,"SO/AG",2025-11-20 05:45:00,2023-06-21,"44a",1,5,0,"",0,0,"Nest activity",2023-06-21 05:45:00,"morning",4.266,97.2,0,0,0.633,0.202,1.415,78.94,24.57,0.101,3.86093728797045,-0.242,0.200000000000003,0.599,-0.129999999999999,0,-0.211824009428027,05:45:00,34.6966,-120.04782,"road",4.284216905956,7,0,0,560,NA,NA,0,NA,NA,NA,TRUE,FALSE,FALSE
"84",107,"39",2023-06-21 05:45:00,"SO/AG",2025-11-20 05:50:00,2023-06-21,"39a",1,1,0,"",0,0,"Nest activity",2023-06-21 05:50:00,"morning",4.266,97.2,0,0,0.633,0.202,1.415,78.94,24.57,0.101,3.86093728797045,-0.242,0.200000000000003,0.599,-0.129999999999999,0,-0.211824009428027,05:45:00,34.69696,-120.04797,"field",5.62191542168327,4,0,0,710,NA,NA,0,NA,NA,NA,TRUE,FALSE,FALSE
"85",108,"64",2023-06-21 06:00:00,"SO/AG",2025-11-20 05:53:00,2023-06-21,"64a",2,6,0,"",0,0,"Nest activity",2023-06-21 05:53:00,"morning",3.877,97.3,0,0,3.336,1.415,5.459,97.1,24.4,0.101,3.48780639591388,-0.389,0.0999999999999943,2.703,-0.170000000000002,0,-0.373130892056569,06:00:00,34.69677,-120.04749,"field",28.0411727663436,0,1,0.5,770,NA,NA,0,NA,NA,NA,TRUE,FALSE,FALSE
"86",109,"66",2023-06-21 06:00:00,"SO/AG",2025-11-20 05:57:00,2023-06-21,"66a",1,1,0,"",0,0,"Nest activity",2023-06-21 05:57:00,"morning",3.877,97.3,0,0,3.336,1.415,5.459,97.1,24.4,0.101,3.48780639591388,-0.389,0.0999999999999943,2.703,-0.170000000000002,0,-0.373130892056569,06:00:00,34.69648,-120.04714,"field",10.4395388738376,2,1,1,730,NA,NA,0,NA,NA,NA,TRUE,FALSE,FALSE
"87",110,"66",2023-06-21 17:45:00,"SO/AG",2025-11-20 17:47:00,2023-06-21,"66a",1,1,1,"1a",0,0,"",2023-06-21 17:47:00,"evening",21.53,36.07,4.7,6.1,422.8,386.6,446.6,1.353,27.2,0.101,5.84584249137389,-0.349999999999998,0.880000000000003,-16.6,0.149999999999999,0,0.0480447637851134,17:45:00,34.69648,-120.04714,"field",10.4395388738376,2,2,2,37900,11,9,1,20,2,0.198670694795484,TRUE,TRUE,TRUE
"88",111,"16",2023-06-21 18:00:00,"SO/AG",2025-11-20 18:07:00,2023-06-21,"16a",1,2,1,"MF1",0,0,"",2023-06-21 18:07:00,"evening",21.34,35.2,4.451,6.2,355.1,201.2,403.1,1.353,27.2,0.101,5.32538654538893,-0.190000000000001,-0.869999999999997,-67.7,0,0,-0.520455945984959,18:00:00,34.69767,-120.05002,"road",8.89230681090016,4,1,1,41500,NA,NA,0,NA,NA,NA,TRUE,FALSE,FALSE
"89",112,"83",2023-06-21 18:00:00,"SO/AG",2025-11-20 18:07:00,2023-06-21,"83a",1,2,2,"1a MF1",0,1,"",2023-06-21 18:07:00,"evening",21.34,35.2,4.451,6.2,355.1,201.2,403.1,1.353,27.2,0.101,5.32538654538893,-0.190000000000001,-0.869999999999997,-67.7,0,0,-0.520455945984959,18:00:00,34.69767,-120.05002,"road",8.89230681090016,4,0,0,42800,32,44,1,76,-12,-0.31760375231683,TRUE,TRUE,TRUE
"90",113,"59",2023-06-21 18:15:00,"SO/AG",2025-11-20 18:17:00,2023-06-21,"59a",1,14,3,"1a 1b 1c",0,0,"",2023-06-21 18:17:00,"evening",21.03,31.6,4.53,5.85,332.1,310.2,354.3,1.353,27.26,0.102,3.51025501057788,-0.309999999999999,-3.6,-23,0.0600000000000023,0.000999999999999987,-1.81513153481105,18:15:00,34.69761,-120.04987,"field",4.28417975601189,7,2,2,8100,103,68,3,171,35,0.414722177867448,TRUE,TRUE,TRUE
"91",114,"55",2023-06-21 18:45:00,"SO/AG",2025-11-20 18:44:00,2023-06-21,"55a",4,9,4,"1a MF1 3a 4a",1,2,"",2023-06-21 18:44:00,"evening",20.24,35.95,4.416,5.775,241.2,219.9,262.4,1.353,27.5,0.103,4.65611469076515,-0.460000000000001,3.92,-45.1,0,0.001,1.2419441080225,18:45:00,34.69745,-120.04963,"road",7.97873195999015,4,3,0.75,13597.5,122,99,2,221,23,0.208710939780717,TRUE,TRUE,TRUE
"92",115,"54",2023-06-21 19:00:00,"SO/AG",2025-11-20 19:04:00,2023-06-21,"54a",3,9,3,"1a 2a 3a",0,0,"",2023-06-21 19:04:00,"evening",19.66,41.35,4.127,6.1,196.9,174.9,218.5,1.353,27.5,0.103,6.15622002781924,-0.579999999999998,5.4,-44.3,0,0,1.5001053370541,19:00:00,34.69734,-120.04949,"road",5.62191508176868,4,7,2.33333333333333,8733.33333333333,58,51,3,109,7,0.128381166648207,TRUE,TRUE,TRUE
"93",116,"50",2023-06-21 19:15:00,"SO/AG",2025-11-20 19:21:00,2023-06-21,"50a",2,9,2,"12c MF1",0,0,"",2023-06-21 19:21:00,"evening",19.07,45.08,3.442,5.425,153.5,133.3,173.7,1.353,27.5,0.104,6.87898771729141,-0.59,3.73,-43.4,0,0.001,0.722767689472164,19:15:00,34.69706,-120.04893,"road",10.597259723501,2,5,2.5,5840,11,34,1,45,-23,-1.12235227597118,TRUE,TRUE,FALSE
"94",117,"90",2023-06-21 19:30:00,"SO/AG",2025-11-20 19:34:00,2023-06-21,"90a",2,4,3,"1a 2a 1b",0,0,"",2023-06-21 19:34:00,"evening",18.03,49.42,3.686,5.525,113.3,95.5,131.9,1.353,27.5,0.104,7.2713473710153,-1.04,4.34,-40.2,0,0,0.392359653723892,19:30:00,34.69684,-120.04806,"field",10.3199178175132,9,0,0,2525,44,38,3,82,6,0.146245500320145,TRUE,TRUE,TRUE
"95",118,"58",2023-06-22 05:30:00,"SO/AG",2025-11-20 05:36:00,2023-06-22,"58a",1,7,1,"1a",1,0,"",2023-06-22 05:36:00,"morning",9.01,96.9,0.008,0.25,0,0,0,1.354,24.95,0.099,8.54355534467466,-0.0299999999999994,-0.0999999999999943,0,-0.150000000000002,0,-0.0451435173260748,05:30:00,34.69764,-120.04982,"road",4.71353919717484,7,2,2,50,15,11,1,26,4,0.30774963550259,TRUE,TRUE,TRUE
"96",119,"53",2023-06-22 05:45:00,"SO/AG",2025-11-20 05:45:00,2023-06-22,"53a",1,8,0,"patrolling",0,0,"Patrolling all around nest, not foraging, 70 cm radius (see SO's notes), alates present (sex unknown) ",2023-06-22 05:45:00,"morning",9,96.8,0,0,0.034,0,0.404,1.354,24.9,0.099,8.5183288234766,-0.00999999999999979,-0.100000000000009,0.034,-0.0500000000000007,0,-0.0252265211980589,05:45:00,34.69729,-120.04926,"road",9.74801751944913,4,1,1,310,NA,NA,0,NA,NA,NA,TRUE,FALSE,FALSE
"97",120,"48",2023-06-22 06:00:00,"SO/AG",2025-11-20 06:00:00,2023-06-22,"48a",2,6,2,"MF1 1a",1,4,"",2023-06-22 06:00:00,"morning",9.01,96.7,0,0,0.613,0.202,1.213,1.354,24.9,0.099,8.51301203147477,0.00999999999999979,-0.0999999999999943,0.579,0,0,-0.00531679200182822,06:00:00,34.69683,-120.04842,"road",12.9492056974049,4,3,1.5,555,9,16,1,25,-7,-0.570544858467613,TRUE,TRUE,TRUE
"98",121,"33",2023-06-22 06:15:00,"SO/AG",2025-11-20 06:11:00,2023-06-22,"33a",4,10,4,"1a 3a 4a MF1",1,0,"Patrolling, moving brood from 1-2, nest move? Male alates present",2023-06-22 06:11:00,"morning",9.01,96.6,0.031,0.55,2.115,1.213,3.638,1.354,24.9,0.1,8.49771946323383,0,-0.100000000000009,1.502,0,0.001,-0.0152925682409464,06:15:00,34.69714,-120.04847,"field",7.41333314163524,6,3,0.75,917.5,13,16,3,29,-3,-0.206207041783312,TRUE,TRUE,TRUE
"99",122,"32",2023-06-22 06:30:00,"SO/AG",2025-11-20 06:35:00,2023-06-22,"32a",2,6,1,"1a patrolling",0,0,"",2023-06-22 06:35:00,"morning",8.89,96.4,0.674,2.45,4.904,3.638,6.265,1.354,24.81,0.101,8.3476084763559,-0.119999999999999,-0.199999999999989,2.789,-0.0899999999999999,0.001,-0.150110986877927,06:30:00,34.69734,-120.04853,"field",7.97873238055065,3,0,0,1500,9,6,1,15,3,0.399985642343539,TRUE,TRUE,TRUE
"100",123,"123",2023-06-22 06:45:00,"SO/AG",2025-11-20 06:45:00,2023-06-22,"123a",2,5,2,"1a 2a",2,3,"",2023-06-22 06:45:00,"morning",8.82,96.1,1.487,2.825,7.97,2.223,11.72,1.354,24.7,0.101,8.23193268777673,-0.0700000000000003,-0.300000000000011,3.066,-0.109999999999999,0,-0.115675788579173,06:45:00,34.69704,-120.04827,"field",8.32038761150082,6,3,1.5,2855,4,2,2,6,2,0.669049628980885,TRUE,TRUE,TRUE
"101",124,"65",2023-06-22 07:00:00,"SO/AG",2025-11-20 06:58:00,2023-06-22,"65a",1,2,2,"1a 1b",0,0,"Alates present (sex unknown)",2023-06-22 06:58:00,"morning",8.86,95.8,0.847,2.025,15.9,2.83,20.01,1.354,24.7,0.101,8.22562795423538,0.0399999999999991,-0.299999999999997,7.93,0,0,-0.00630473354135042,07:00:00,34.69672,-120.04779,"field",11.1312755046133,6,0,0,3050,23,44,2,67,-21,-0.646627164925052,TRUE,TRUE,TRUE
"102",125,"41",2023-06-22 07:15:00,"SO/AG",2025-11-20 07:13:00,2023-06-22,"41a",2,7,4,"1a 1b MF1 1c",7,3,"",2023-06-22 07:13:00,"morning",8.95,95.2,0.047,1.4,23.92,20.01,27.28,1.354,24.7,0.099,8.22248917374863,0.0899999999999999,-0.599999999999994,8.02,0,-0.002,-0.00313878048675065,07:15:00,34.69649,-120.04755,"road",11.4875260270969,6,0,0,4995,32,25,3,57,7,0.245988183998232,TRUE,TRUE,TRUE
"103",126,"105",2023-06-22 17:45:00,"SO/AG",2025-11-20 17:40:00,2023-06-22,"105a",1,1,2,"1a 1b",0,0,"",2023-06-22 17:40:00,"evening",18.08,50.67,3.826,5.425,398,171.7,449.4,1.353,26.89,0.1,7.68356249357402,-0.16,0.329999999999998,-72,0.18,0.001,-0.0514920061263888,17:45:00,34.69761,-120.04893,"field",7.81931775181214,7,1,1,2470,9,6,2,15,3,0.399985642343539,TRUE,TRUE,TRUE
"104",127,"95",2023-06-22 18:00:00,"SO/AG",2025-11-20 17:53:00,2023-06-22,"95a",5,27,5,"MF1 MF2 1a 3a 25a",0,0,"",2023-06-22 17:53:00,"evening",17.91,51.8,4.133,6.125,364.1,130.7,399.7,1.353,26.9,0.102,7.85070484167693,-0.169999999999998,1.13,-33.9,0.00999999999999801,0.00199999999999999,0.167142348102914,18:00:00,34.69779,-120.04883,"field",8.0499634211988,7,1,0.2,24840,28,44,3,72,-16,-0.4506902061131,TRUE,TRUE,TRUE
"105",128,"94",2023-06-22 18:30:00,"SO/AG",2025-11-20 18:27:00,2023-06-22,"94a",2,4,3,"2a 1a 1b",0,0,"",2023-06-22 18:27:00,"evening",16.91,54.81,4.82,6.8,285.9,263,309.4,1.353,27.15,0.103,7.75326461799607,-0.640000000000001,1.96,-39,0.25,0,-0.059260949590648,18:30:00,34.69828,-120.0496,"field",13.2962845958388,1,1,0.5,16100,76,56,3,132,20,0.30491245233899,TRUE,TRUE,TRUE
"106",129,"97",2023-06-22 18:45:00,"SO/AG",2025-11-20 18:43:00,2023-06-22,"97a",1,5,3,"1a 1b 1c",0,0,"",2023-06-22 18:43:00,"evening",16.39,56.73,4.422,6.225,239.9,218.7,260.7,1.353,27.2,0.102,7.77412892249021,-0.52,1.91999999999999,-46,0.0500000000000007,-0.001,0.0208643044941317,18:45:00,34.69804,-120.0498,"field",4.43740226359447,2,1,1,5190,46,62,3,108,-16,-0.29793303893683,TRUE,TRUE,TRUE
"107",130,"9",2023-06-22 19:00:00,"SO/AG",2025-11-20 19:06:00,2023-06-22,"9a",2,3,3,"1a 2a 12a",0,0,"",2023-06-22 19:06:00,"evening",16.13,57.54,3.686,5.575,194,169.1,217.7,1.353,27.2,0.101,7.73919422513681,-0.260000000000002,0.810000000000002,-45.9,0,-0.000999999999999987,-0.0349346973533997,19:00:00,34.69712,-120.04942,"field",7.19399250635417,3,1,0.5,6070,18,54,3,72,-36,-1.09492224758066,TRUE,TRUE,TRUE
"108",131,"8",2023-06-22 19:30:00,"SO/AG",2025-11-20 19:23:00,2023-06-22,"8a",1,6,2,"1a 1b",0,0,"",2023-06-22 19:23:00,"evening",14.88,61.58,4.249,5.525,114.6,99.4,130.3,1.353,27.2,0.101,7.56009938929816,-0.649999999999999,2.04,-35,0,0,-0.117958200348141,19:30:00,34.69707,-120.04937,"field",7.19399250631678,6,0,0,6160,6,11,2,17,-5,-0.598656337139023,TRUE,TRUE,TRUE
"109",132,"106",2023-06-22 19:45:00,"SO/AG",2025-11-20 19:40:00,2023-06-22,"106a",1,5,2,"1a 1b",0,0,"",2023-06-22 19:40:00,"evening",14.3,50.67,4.194,5.825,76.54,45.65,98,1.353,27.2,0.101,4.19647305290573,-0.58,-10.91,-38.06,0,0,-3.36362633639242,19:45:00,34.69771,-120.04886,"field",6.42626428807566,9,1,1,2360,11,11,2,22,0,0,TRUE,TRUE,TRUE
"110",133,"107",2023-06-22 19:45:00,"SO/AG",2025-11-20 19:51:00,2023-06-22,"107a",1,3,2,"1a 1b",0,0,"Alates present (sex unknwon)",2023-06-22 19:51:00,"evening",14.3,50.67,4.194,5.825,76.54,45.65,98,1.353,27.2,0.101,4.19647305290573,-0.58,-10.91,-38.06,0,0,-3.36362633639242,19:45:00,34.69768,-120.04892,"field",6.42626428793832,10,1,1,1910,44,28,2,72,16,0.4506902061131,TRUE,TRUE,TRUE
"111",134,"18",2023-06-24 08:00:00,"SO/AW/AY",2025-11-20 07:56:00,2023-06-24,"18a",1,8,3,"MF1 1a 1b",0,0,"Female alate present",2023-06-24 07:56:00,"morning",11.37,91.8,0,0,71.34,36.57,129.5,1.365,24.2,0.098,10.0830162518686,0.34,-1.40000000000001,-2.11999999999999,0,-0.001,0.110452336737984,08:00:00,34.69783,-120.05025,"road",27.5522778191893,0,0,0,8420,65,62,2,127,3,0.0471785602750905,TRUE,TRUE,TRUE
"112",135,"8",2023-06-24 09:00:00,"SO/AW/AY",2025-11-20 08:57:00,2023-06-24,"8a",2,7,5,"1a 2a 1b 1c 1d",0,0,"Alates present (sex unknown)",2023-06-24 08:57:00,"morning",12.08,88.8,0.011,0.325,94.2,54.15,157.6,1.354,23.9,0.096,10.2868005626254,0.00999999999999979,0.200000000000003,-5.3,0,0,0.0436528105641028,09:00:00,34.69707,-120.04937,"field",7.19399250631678,6,2,1,25500,35,88,5,123,-53,-0.920271402470314,TRUE,TRUE,TRUE
"113",136,"3",2023-06-24 17:15:00,"SO/AW/AY",2025-11-20 17:18:00,2023-06-24,"3a",2,4,4,"MF1 MF2 1a 2a",0,0,"",2023-06-24 17:18:00,"evening",20.71,53.15,4.253,6.425,470.5,32.52,536.2,1.353,26.61,0.1,10.8247054467803,-0.710000000000001,1.71,-59,0.210000000000001,0,-0.163835695656502,17:15:00,34.69674,-120.04833,"road",8.89239216635988,2,1,0.5,50200,31,23,2,54,8,0.297375201657441,TRUE,TRUE,TRUE
"114",137,"48",2023-06-24 17:45:00,"AW/AY",2025-11-20 17:44:00,2023-06-24,"48a",2,6,5,"MF1 MF2 12a 1a 2a",0,0,"Female alate present",2023-06-24 17:44:00,"evening",19.88,54.77,4.03,5.425,428.3,406.4,449.6,1.353,26.84,0.1,10.5057008139824,-0.27,0.5,0.300000000000011,0.140000000000001,0,-0.113174687940623,17:45:00,34.69683,-120.04842,"road",12.9492056974049,4,0,0,43350,38,24,2,62,14,0.458002441636046,TRUE,TRUE,TRUE
"115",138,"53",2023-06-24 18:15:00,"AW/AY",2025-11-20 18:08:00,2023-06-24,"53a",1,7,4,"MF1 1a 1b 1c",0,0,"",2023-06-24 18:08:00,"evening",19.09,56.67,3.792,5.125,337.2,313.9,359.7,1.353,26.99,0.099,10.2810877083483,-0.48,1.28,-45.4,0.0899999999999999,-0.001,-0.105063936822459,18:15:00,34.69729,-120.04926,"road",9.74801751944913,4,1,1,23600,118,21,3,139,97,1.7222586827213,TRUE,TRUE,FALSE
"116",139,"9",2023-06-24 18:30:00,"AW/AY",2025-11-20 18:35:00,2023-06-24,"9a",2,4,5,"1a 1b 2a 2b 2c",0,0,"",2023-06-24 18:35:00,"evening",18.63,58.11,3.97,5.4,290.1,268.4,312.9,1.353,27.2,0.099,10.2268636812716,-0.460000000000001,1.44,-47.1,0.210000000000001,0,-0.0542240270767707,18:30:00,34.69712,-120.04942,"field",7.19399250635417,3,1,0.5,14950,22,45,5,67,-23,-0.713304637984925,TRUE,TRUE,TRUE
"117",140,"46",2023-06-24 19:15:00,"AW/AY",2025-11-20 19:08:00,2023-06-24,"46a",2,3,4,"1a 2a 2b MF1",0,0,"Alates present (sex unknown)",2023-06-24 19:08:00,"evening",17.31,61.89,3.324,4.875,156.4,136.5,176.5,1.353,27.21,0.099,9.92859447440911,-0.400000000000002,1.28,-43.1,0.0100000000000016,0,-0.0646914513032897,19:15:00,34.69661,-120.04812,"road",10.1803611221652,6,1,0.5,53200,16,23,3,39,-7,-0.36101334553733,TRUE,TRUE,TRUE
"118",141,"45",2023-06-24 19:45:00,"AW/AY",2025-11-20 19:40:00,2023-06-24,"45a",1,14,2,"1a 1b",0,0,"",2023-06-24 19:40:00,"evening",15.62,54.77,3.413,4.55,78.66,59.18,97.4,1.353,27.47,0.101,6.54168449872316,-0.83,-9.84,-37.54,0.199999999999999,0.001,-3.21531514054315,19:45:00,34.69665,-120.0479,"road",9.19205970555351,10,0,0,28900,7,22,2,29,-15,-1.13548282447644,TRUE,TRUE,FALSE
"119",142,"44",2023-06-24 20:00:00,"AW/AY",2025-11-20 19:53:00,2023-06-24,"44a",1,14,1,"1a",0,0,"",2023-06-24 19:53:00,"evening",14.69,70.58,3.545,4.825,39.96,19.19,57.97,1.353,27.5,0.101,9.39498019073162,-0.93,15.81,-38.7,0.0300000000000011,0,2.85329569200845,20:00:00,34.6966,-120.04782,"road",4.284216905956,7,2,2,18150,23,24,1,47,-1,-0.0423792229688614,TRUE,TRUE,TRUE
"120",143,"41",2023-06-25 05:15:00,"AW/AY",2025-11-20 05:20:00,2023-06-25,"41a",2,7,0,"patrolling",8,3,"Mound encounter",2023-06-25 05:20:00,"morning",10.17,94.8,0,0,0,0,0,1.354,24.9,0.098,9.3727620568498,-0.0299999999999994,0,0,0,0,-0.0298114342783204,05:15:00,34.69649,-120.04755,"road",11.4875260270969,6,0,0,10,NA,NA,0,NA,NA,NA,TRUE,FALSE,FALSE
"121",144,"32",2023-06-25 05:45:00,"AW/AY",2025-11-20 05:38:00,2023-06-25,"32a",2,6,4,"1a 12a 2a 2b",0,0,"Alates present (sex unknown)",2023-06-25 05:38:00,"morning",10.11,94.9,0,0,0.054,0,0.202,1.354,24.71,0.098,9.3288230854457,-0.0700000000000003,0,0.054,-0.18,0,-0.0695687276244783,05:45:00,34.69734,-120.04853,"field",7.97873238055065,3,0,0,265,15,18,4,33,-3,-0.181217194450902,TRUE,TRUE,TRUE
"122",145,"70",2023-06-25 06:15:00,"AW/AY",2025-11-20 06:17:00,2023-06-25,"70a",1,6,3,"1a 1b 1c",21,0,"Did not see female alates",2023-06-25 06:17:00,"morning",10.1,94.8,0,0,1.731,0.404,2.829,1.354,24.7,0.098,9.30320195709429,-0.0199999999999996,-0.100000000000009,1.152,0,0,-0.0355595252762306,06:15:00,34.69598,-120.04737,"field",10.5973377517098,2,0,0,1070,22,6,3,28,16,1.28728883734444,TRUE,TRUE,FALSE
"123",146,"72",2023-06-25 06:30:00,"AW/AY",2025-11-20 06:35:00,2023-06-25,"72a",1,15,5,"1a 1b 1c MF1 MF2",21,21,"unchecked male v. female",2023-06-25 06:35:00,"morning",10.14,94.8,0,0,4.385,2.829,6.466,1.354,24.7,0.098,9.34295060034421,0.0400000000000009,0,2.654,0,0,0.0397486432499239,06:30:00,34.69604,-120.04746,"field",9.51442902533583,4,0,0,1960,54,23,4,77,31,0.851001568324688,TRUE,TRUE,TRUE
"124",147,"33",2023-06-25 07:00:00,"AW/AY",2025-11-20 07:01:00,2023-06-25,"33a",4,16,4,"1a 3a MF1 4a",10,3,"",2023-06-25 07:01:00,"morning",10.13,94.8,0,0,13.11,10.91,16.37,1.354,24.46,0.098,9.33301344323628,-0.0199999999999996,0,4.06,-0.239999999999998,0,-0.0198743117461575,07:00:00,34.69714,-120.04847,"field",7.41333314163524,6,1,0.25,3287.5,8,25,3,33,-17,-1.13100378445935,TRUE,TRUE,FALSE
"125",148,"2",2023-06-25 07:30:00,"AW/AY",2025-11-20 07:33:00,2023-06-25,"2a",1,8,4,"MF1 1a 1b 1c",3,13,"",2023-06-25 07:33:00,"morning",10.31,94.4,0,0,26.32,23.24,31.32,1.354,24.4,0.098,9.44890069173592,0.110000000000001,-0.299999999999997,7.03,0,-0.001,0.0620368909646274,07:30:00,34.69671,-120.04824,"road",8.8923921663039,3,0,0,5860,10,12,3,22,-2,-0.180670028755482,TRUE,TRUE,TRUE
"126",149,"48",2023-06-25 07:45:00,"AW/AY",2025-11-20 07:48:00,2023-06-25,"48a",2,6,3,"12a 12b MF1",21,21,"unchecked male v. female",2023-06-25 07:48:00,"morning",10.49,94,0,0,32.72,8.89,41.83,1.354,24.4,0.097,9.56437257845532,0.18,-0.400000000000006,6.4,0,-0.001,0.115471886719401,07:45:00,34.69683,-120.04842,"road",12.9492056974049,4,0,0,6670,19,30,2,49,-11,-0.454836836702246,TRUE,TRUE,TRUE
"127",150,"123",2023-06-25 08:00:00,"AW/AY",2025-11-20 08:03:00,2023-06-25,"123a",3,8,5,"1a 12a 2a 3a MF1",21,21,"unchecked male v. female",2023-06-25 08:03:00,"morning",10.56,93.5,0,0,44,41.42,46.48,1.354,24.37,0.097,9.55435056912283,0.0700000000000003,-0.5,11.28,-0.0299999999999976,0,-0.0100220093324879,08:00:00,34.69704,-120.04827,"field",8.32038761150082,6,0,0,7103.33333333333,16,12,3,28,4,0.285613819387722,TRUE,TRUE,TRUE
"128",151,"50",2023-06-25 17:15:00,"AW/AY",2025-11-20 17:15:00,2023-06-25,"50a",2,8,0,"0",0,0,"low activity, few ants on chaff",2023-06-25 17:15:00,"evening",21.35,52,4.216,5.975,418.8,40.19,516.8,1.353,26.58,0.098,11.087183617842,-0.119999999999997,0.100000000000001,-86,0.18,0,-0.0818056893881955,17:15:00,34.69706,-120.04893,"road",10.597259723501,2,1,0.5,59350,NA,NA,0,NA,NA,NA,TRUE,FALSE,FALSE
"129",152,"2",2023-06-25 17:30:00,"AW/AY",2025-11-20 17:24:00,2023-06-25,"2a",1,4,1,"MF1 patrolling",0,0,"very few ants in mound fan (potential extended patrolling?)",2023-06-25 17:24:00,"evening",20.98,52.79,4.541,5.9,418.5,141,484.1,1.353,26.7,0.099,10.9723697765836,-0.370000000000001,0.789999999999999,-0.300000000000011,0.120000000000001,0.001,-0.114813841258446,17:30:00,34.69671,-120.04824,"road",8.8923921663039,3,0,0,62600,NA,NA,0,NA,NA,NA,TRUE,FALSE,FALSE
"130",153,"73",2023-06-25 17:45:00,"AW/AY",2025-11-20 17:38:00,2023-06-25,"73a",1,17,4,"1a 1b 1c 1d",0,0,"alates present (M)",2023-06-25 17:38:00,"evening",20.74,53.02,4.127,5.8,417,395.1,439.3,1.353,26.83,0.1,10.8156308373425,-0.240000000000002,0.230000000000004,-1.5,0.129999999999999,0.001,-0.156738939241103,17:45:00,34.69611,-120.04762,"field",8.32047901145336,2,0,0,25300,86,30,4,116,56,1.05098423967885,TRUE,TRUE,TRUE
"131",154,"74",2023-06-25 18:00:00,"AW/AY",2025-11-20 18:01:00,2023-06-25,"74a",2,5,1,"MF1",0,0,"1 alate dead (M) (potentially alive and being carried)",2023-06-25 18:01:00,"evening",20.16,54.5,4.353,6.25,371.5,350.2,392.8,1.353,26.9,0.1,10.6917470074544,-0.579999999999998,1.48,-45.5,0.0700000000000003,0,-0.123883829888076,18:00:00,34.69612,-120.04753,"field",8.32047901146543,3,2,1,37150,NA,NA,0,NA,NA,NA,TRUE,FALSE,FALSE
"132",155,"39",2023-06-25 18:15:00,"AW/AY",2025-11-20 18:16:00,2023-06-25,"39a",1,2,3,"1a 1b 1c",0,0,"",2023-06-25 18:16:00,"evening",19.61,55.71,3.897,5.425,326.5,305.2,348.6,1.353,26.95,0.1,10.5098790089361,-0.550000000000001,1.21,-45,0.0500000000000007,0,-0.181867998518362,18:15:00,34.69696,-120.04797,"field",5.62191542168327,4,3,3,13000,26,11,3,37,15,0.854990206010359,TRUE,TRUE,TRUE
"133",156,"64",2023-06-25 18:30:00,"AW/AY",2025-11-20 18:37:00,2023-06-25,"64a",2,10,5,"1a 1b 1c 2a 2b",0,0,"this is where LUX accounts for x10",2023-06-25 18:37:00,"evening",18.87,57.82,4.212,5.8,281.1,259.7,303.2,1.353,27.2,0.1,10.3766224069259,-0.739999999999998,2.11,-45.4,0.25,0,-0.133256602010162,18:30:00,34.69677,-120.04749,"field",28.0411727663436,0,0,0,11440,22,68,5,90,-46,-1.12539960463176,TRUE,TRUE,FALSE
"134",157,"57",2023-06-25 19:15:00,"AW/AY",2025-11-20 19:08:00,2023-06-25,"57a",1,25,5,"1a MF1 1b 1c MF2",0,0,"",2023-06-25 19:08:00,"evening",16.24,66.59,4.857,6.25,149.9,130.5,169.7,1.353,27.2,0.099,10.0083729765931,-0.920000000000002,3.40000000000001,-42.6,0,0,-0.0893647356594869,19:15:00,34.69765,-120.04977,"road",4.71353919719012,7,0,0,10900,34,29,3,63,5,0.158559210112024,TRUE,TRUE,TRUE
"135",158,"60",2023-06-25 19:30:00,"AW/AY",2025-11-20 19:23:00,2023-06-25,"60a",2,20,4,"12a 12b 2a 2b",0,0,"alates present (sex unknown)",2023-06-25 19:23:00,"evening",15.67,68.86,4.268,5.9,111.6,94.3,129.5,1.353,27.22,0.099,9.96563242015652,-0.569999999999999,2.27,-38.3,0.0199999999999996,0,-0.0427405564365682,19:30:00,34.69764,-120.04993,"road",5.84160524268101,6,1,0.5,5605,29,53,4,82,-24,-0.601438754070446,TRUE,TRUE,TRUE
"136",159,"48",2023-06-26 05:15:00,"AW/AY",2025-11-20 05:21:00,2023-06-26,"48a",2,12,3,"MF1 12a 12b",0,21,"extended patroling",2023-06-26 05:21:00,"morning",10.87,94.1,0,0,0,0,0,1.354,25.1,0.099,9.95749796543647,0.0199999999999996,0,0,0,0.001,0.0198565569972686,05:15:00,34.69683,-120.04842,"road",12.9492056974049,4,0,0,50,13,40,2,53,-27,-1.11876410410542,TRUE,TRUE,FALSE
"137",160,"94",2023-06-26 05:45:00,"AW/AY",2025-11-20 05:45:00,2023-06-26,"94a",3,9,3,"1a 1b 3a",0,11,"extended patrolling, trail splits into 1a and 1b before 1m",2023-06-26 05:45:00,"morning",10.75,94.5,0,0,0.141,0,0.404,1.354,25.03,0.099,9.90173509664605,-0.130000000000001,0.400000000000006,0.141,-0.0700000000000003,0,-0.0656911430760179,05:45:00,34.69828,-120.0496,"field",13.2962845958388,1,0,0,453.333333333333,13,6,3,19,7,0.76432345902784,TRUE,TRUE,TRUE
"138",161,"105",2023-06-26 06:15:00,"AW/AY",2025-11-20 06:08:00,2023-06-26,"105a",1,1,1,"1a",4,0,"extended patroling concentrated in one area and not really connected to nest",2023-06-26 06:08:00,"morning",10.87,94.4,0,0,2.6,1.616,3.637,1.354,24.9,0.098,10.0050974676901,0.0899999999999999,-0.299999999999997,1.637,0,0,0.0419554299865883,06:15:00,34.69761,-120.04893,"field",7.81931775181214,7,0,0,620,2,2,1,4,0,0,TRUE,TRUE,TRUE
"139",162,"64",2023-06-26 06:30:00,"AW/AY",2025-11-20 06:30:00,2023-06-26,"64a",2,10,3,"1a 1b 2a",5,3,"",2023-06-26 06:30:00,"morning",10.89,93.9,0,0,6.614,3.839,9.5,1.354,24.9,0.098,9.94554211846481,0.0200000000000014,-0.5,4.014,0,0,-0.059555349225251,06:30:00,34.69677,-120.04749,"field",28.0411727663436,0,0,0,2495,24,35,3,59,-11,-0.375989289975211,TRUE,TRUE,TRUE
"140",163,"90",2023-06-26 05:30:00,"SO",2025-11-20 05:30:00,2023-06-26,"90a",2,4,2,"1a 2a",9,0,"Lux on phone",2023-06-26 05:30:00,"morning",10.88,94.1,0,0,0,0,0,1.354,25.1,0.099,9.96742623972207,0.0100000000000016,0,0,0,0,0.00992827428559728,05:30:00,34.69684,-120.04806,"field",10.3199178175132,9,0,0,205,20,6,2,26,14,1.19243104388576,TRUE,TRUE,FALSE
"141",164,"123",2023-06-26 05:45:00,"SO",2025-11-20 05:51:00,2023-06-26,"123a",2,7,5,"1a 1b 1c 2a 2b",7,2,"Lux on phone",2023-06-26 05:51:00,"morning",10.75,94.5,0,0,0.141,0,0.404,1.354,25.03,0.099,9.90173509664605,-0.130000000000001,0.400000000000006,0.141,-0.0700000000000003,0,-0.0656911430760179,05:45:00,34.69704,-120.04827,"field",8.32038761150082,6,0,0,1100,35,27,5,62,8,0.258667402586165,TRUE,TRUE,TRUE
"142",165,"50",2023-06-26 06:15:00,"SO",2025-11-20 06:17:00,2023-06-26,"50a",2,8,3,"1a 1b 2a",12,1,"Lux on phone",2023-06-26 06:17:00,"morning",10.87,94.4,0,0,2.6,1.616,3.637,1.354,24.9,0.098,10.0050974676901,0.0899999999999999,-0.299999999999997,1.637,0,0,0.0419554299865883,06:15:00,34.69706,-120.04893,"road",10.597259723501,2,0,0,2700,52,18,3,70,34,1.05725301048754,TRUE,TRUE,TRUE
"143",166,"48",2023-06-26 17:00:00,"AW/AY",2025-11-20 17:05:00,2023-06-26,"48a",2,9,0,"0",0,0,"Extended patrolling; did not get NM and Lux 2 for entrance 2",2023-06-26 17:05:00,"evening",21.49,51.86,5.238,8.33,473.7,23.23,573,1.353,27.2,0.1,11.1758228559955,-0.260000000000002,1.46,-120.3,0.0599999999999987,0.001,0.191046572251333,17:00:00,34.69683,-120.04842,"road",12.9492056974049,4,0,0,82400,NA,NA,0,NA,NA,NA,TRUE,FALSE,FALSE
"144",167,"58",2023-06-26 17:15:00,"AW/AY",2025-11-20 17:16:00,2023-06-26,"58a",1,5,3,"1a MF1 MF2",0,0,"Extended patrolling",2023-06-26 17:16:00,"evening",20.9,54.29,4.847,6.3,419.4,33.12,527.8,1.353,27.29,0.1,11.3210507410998,-0.59,2.43,-54.3,0.0899999999999999,0,0.145227885104317,17:15:00,34.69764,-120.04982,"road",4.71353919717484,7,0,0,53800,10,0,1,10,10,4.61512051684126,TRUE,TRUE,FALSE
"145",168,"57",2023-06-26 17:30:00,"AW/AY",2025-11-20 17:30:00,2023-06-26,"57a",1,9,0,"0",0,1,"",2023-06-26 17:30:00,"evening",20.86,54.63,4.474,7.25,470.4,448.4,492,1.353,27.5,0.1,11.3782596697973,-0.0399999999999991,0.340000000000003,51,0.210000000000001,0,0.0572089286975572,17:30:00,34.69765,-120.04977,"road",4.71353919719012,7,0,0,53800,NA,NA,0,NA,NA,NA,TRUE,FALSE,FALSE
"146",169,"70",2023-06-26 17:45:00,"AW/AY",2025-11-20 17:45:00,2023-06-26,"70a",1,11,2,"1a 1b",0,0,"",2023-06-26 17:45:00,"evening",20.37,55.85,4.533,6.65,410.9,301.5,443.3,1.353,27.5,0.099,11.2559781584128,-0.489999999999998,1.22,-59.5,0,-0.001,-0.122281511384484,17:45:00,34.69598,-120.04737,"field",10.5973377517098,2,1,1,27100,45,22,2,67,23,0.713304637984925,TRUE,TRUE,TRUE
"147",170,"106",2023-06-26 18:15:00,"AW/AY",2025-11-20 18:12:00,2023-06-26,"106a",1,4,0,"0",0,0,"Only foraging within chaff",2023-06-26 18:12:00,"evening",18.35,62.48,4.741,7.075,329.3,223.6,358.3,1.353,27.8,0.099,11.0533725458663,-1.57,5,-50.2,0.170000000000002,0,-0.21701969103079,18:15:00,34.69771,-120.04886,"field",6.42626428807566,9,0,0,12600,NA,NA,0,NA,NA,NA,TRUE,FALSE,FALSE
"148",172,"66",2023-06-26 18:45:00,"AW/AY",2025-11-20 18:45:00,2023-06-26,"66a",1,1,2,"1a 1b",0,0,"",2023-06-26 18:45:00,"evening",17.02,66.69,5.5,6.9,245.3,223.8,266.4,1.353,27.8,0.099,10.7738665370199,-1.05,3.26,-44.3,0,0,-0.242217784424724,18:45:00,34.69648,-120.04714,"field",10.4395388738376,2,0,0,11600,26,9,2,35,17,1.05366090080584,TRUE,TRUE,TRUE
"149",173,"18",2023-06-26 19:00:00,"AW/AY",2025-11-20 19:00:00,2023-06-26,"18a",1,13,4,"1a MF1 MF2 MF3",0,0,"",2023-06-26 19:00:00,"evening",16.55,68.36,4.423,5.975,200.3,179.4,221.8,1.353,27.8,0.099,10.6975571885636,-0.469999999999999,1.67,-45,0,0,-0.0763093484563075,19:00:00,34.69783,-120.05025,"road",27.5522778191893,0,0,0,9230,1,29,1,30,-28,-3.27542799437312,TRUE,TRUE,FALSE
"150",174,"106",2023-06-27 05:15:00,"AW/AY",2025-11-20 05:20:00,2023-06-27,"106a",1,4,3,"1a 1b 1c",4,1,"Lux was taken at 5:50",2023-06-27 05:20:00,"morning",10.09,96.2,0,0,0,0,0,1.354,25.4,0.099,9.51149029604129,-0.0600000000000005,0,0,-0.0100000000000016,0.002,-0.0597261164705873,05:15:00,34.69771,-120.04886,"field",6.42626428807566,9,0,0,130,8,9,3,17,-1,-0.116410351844411,TRUE,TRUE,TRUE
"151",175,"65",2023-06-27 06:00:00,"AW/AY",2025-11-20 05:54:00,2023-06-27,"65a",1,5,3,"1a 1b 1c",6,0,"",2023-06-27 05:54:00,"morning",10.12,96.5,0,0,0.943,0.404,1.617,1.354,25.1,0.099,9.587762200461,0.0199999999999996,0.0999999999999943,0.835,-0.259999999999998,0,0.0353690430048612,06:00:00,34.69672,-120.04779,"field",11.1312755046133,6,0,0,470,22,19,3,41,3,0.145889273471123,TRUE,TRUE,TRUE
"152",176,"16",2023-06-27 06:15:00,"AW/AY",2025-11-20 06:12:00,2023-06-27,"16a",1,4,1,"1a",9,0,"",2023-06-27 06:12:00,"morning",10.06,96.5,0,0,2.809,1.819,3.839,1.354,25.1,0.099,9.52801411123686,-0.0599999999999987,0,1.866,0,0,-0.0597480892241418,06:15:00,34.69767,-120.05002,"road",8.89230681090016,4,0,0,1110,11,7,1,18,4,0.446850324271019,TRUE,TRUE,TRUE
"153",177,"2",2023-06-27 06:15:00,"AW/AY",2025-11-20 06:20:00,2023-06-27,"2a",1,2,2,"1a 1b",1,4,"Some extended patrolling",2023-06-27 06:20:00,"morning",10.06,96.5,0,0,2.809,1.819,3.839,1.354,25.1,0.099,9.52801411123686,-0.0599999999999987,0,1.866,0,0,-0.0597480892241418,06:15:00,34.69671,-120.04824,"road",8.8923921663039,3,0,0,1700,1,8,2,9,-7,-1.99655388187407,TRUE,TRUE,FALSE
"154",178,"53",2023-06-27 06:30:00,"AW/AY",2025-11-20 06:30:00,2023-06-27,"53a",1,11,4,"1a 1b 1c MF1",2,3,"Patrolling",2023-06-27 06:30:00,"morning",10.07,96.6,0,0,6.945,4.042,9.3,1.354,25.1,0.098,9.55340738182672,0.00999999999999979,0.0999999999999943,4.136,0,-0.001,0.0253932705898592,06:30:00,34.69729,-120.04926,"road",9.74801751944913,4,0,0,3760,26,62,3,88,-36,-0.866810674610785,TRUE,TRUE,TRUE
"155",179,"45",2023-06-27 07:00:00,"AW/AY",2025-11-20 06:56:00,2023-06-27,"45a",2,14,4,"1a 1b 2a MF1",21,0,"",2023-06-27 06:56:00,"morning",10.28,96.7,0,0,21.9,18.59,25.87,1.354,25.08,0.096,9.7779976657805,0.139999999999999,0,8.24,-0.0200000000000031,-0.001,0.139446003361094,07:00:00,34.69665,-120.0479,"road",9.19205970555351,10,0,0,5025,7,17,3,24,-10,-0.878983679461345,TRUE,TRUE,TRUE
"156",180,"70",2023-06-27 07:15:00,"AW/AY",2025-11-20 07:16:00,2023-06-27,"70a",1,7,2,"1a 1b",21,1,"Extended patrolling; ants/alates were covering the doors = possibly more/less than 7 doors",2023-06-27 07:16:00,"morning",10.37,96.6,0,0,30.31,25.46,36.17,1.354,24.91,0.095,9.85218370693676,0.0899999999999999,-0.100000000000009,8.41,-0.169999999999998,-0.001,0.0741860411562598,07:15:00,34.69598,-120.04737,"field",10.5973377517098,2,0,0,6550,22,23,2,45,-1,-0.0442550090040407,TRUE,TRUE,TRUE
"157",181,"107",2023-06-27 07:30:00,"AW/AY",2025-11-20 07:34:00,2023-06-27,"107a",3,7,3,"123a 2a 3a",21,9,"",2023-06-27 07:34:00,"morning",10.49,96.3,0,0,44.89,37.18,50.92,1.354,24.9,0.095,9.92519213953616,0.120000000000001,-0.299999999999997,14.58,-0.0100000000000016,0,0.0730084325994032,07:30:00,34.69768,-120.04892,"field",6.42626428793832,10,0,0,7353.33333333333,9,22,3,31,-13,-0.887303195000903,TRUE,TRUE,TRUE
"158",182,"44",2023-06-27 08:15:00,"AW/AY",2025-11-20 08:13:00,2023-06-27,"44a",3,11,5,"1a 12a MF1 MF2 MF3",10,5,"",2023-06-27 08:13:00,"morning",10.92,94.8,0,0,95,84.1,107.7,1.354,24.83,0.096,10.118041245691,0.199999999999999,-0.400000000000006,21.93,-0.0600000000000023,0,0.135789948557743,08:15:00,34.6966,-120.04782,"road",4.284216905956,7,2,0.666666666666667,17766.6666666667,3,20,2,23,-17,-1.86931770357393,TRUE,TRUE,FALSE
"159",183,"32",2023-06-27 17:15:00,"AW/AY",2025-11-20 17:18:00,2023-06-27,"32a",2,5,0,"0",0,0,"",2023-06-27 17:18:00,"evening",21.52,50.15,6.104,7.275,508,486.9,527.7,1.353,27.78,0.1,10.6982789278773,-1.05,1.19,-41.3,0.280000000000001,-0.001,-0.602331022331965,17:15:00,34.69734,-120.04853,"field",7.97873238055065,3,0,0,43350,NA,NA,0,NA,NA,NA,TRUE,FALSE,FALSE
"160",184,"44",2023-06-27 17:30:00,"AW/AY",2025-11-20 17:28:00,2023-06-27,"44a",3,12,5,"1a 1b MF1 MF2 MF3",0,0,"",2023-06-27 17:28:00,"evening",21.11,51.99,5.408,6.675,464.7,445.3,486.3,1.353,27.8,0.099,10.8625447386012,-0.41,1.84,-43.3,0.0199999999999996,-0.001,0.16426581072397,17:30:00,34.6966,-120.04782,"road",4.284216905956,7,0,0,45666.6666666667,83,23,2,106,60,1.28021208433365,TRUE,TRUE,FALSE
"161",185,"54",2023-06-27 18:00:00,"AW/AY",2025-11-20 17:55:00,2023-06-27,"54a",4,8,4,"3a 34a MF1 MF2",0,0,"",2023-06-27 17:55:00,"evening",20.94,52.88,3.952,6.25,377.3,354.7,397.5,1.353,28,0.099,10.9610117617848,0.150000000000002,-0.640000000000001,-44.2,0.100000000000001,0,-0.04234841620198,18:00:00,34.69734,-120.04949,"road",5.62191508176868,4,0,0,36150,19,17,2,36,2,0.11060987154397,TRUE,TRUE,TRUE
"162",186,"90",2023-06-27 18:30:00,"AW/AY",2025-11-20 18:31:00,2023-06-27,"90a",2,5,3,"1a 2a MF1",0,0,"",2023-06-27 18:31:00,"evening",19.21,58.83,4.736,6.525,264.7,158.3,301.9,1.353,28.12,0.098,10.9556156176896,-1.1,3.96,-49.1,0.120000000000001,0,0.0225641629732802,18:30:00,34.69684,-120.04806,"field",10.3199178175132,9,0,0,11650,37,20,2,57,17,0.612897154548359,TRUE,TRUE,TRUE
"163",187,"71",2023-06-27 18:45:00,"AW/AY",2025-11-20 18:47:00,2023-06-27,"71a",3,6,3,"1a 2a 23a",0,0,"Ants were carrying brood; only 1 dead female alate present",2023-06-27 18:47:00,"evening",18.77,60.14,4.042,5.525,237.4,201.8,265.8,1.353,28.3,0.098,10.8740822312037,-0.440000000000001,1.31,-27.3,0.18,0,-0.0815333864858427,18:45:00,34.69611,-120.0474,"field",9.51442902549541,3,0,0,7123.33333333333,86,70,3,156,16,0.205586617393141,TRUE,TRUE,TRUE
"164",188,"60",2023-06-27 19:15:00,"AW/AY",2025-11-20 19:17:00,2023-06-27,"60a",2,21,5,"1a 2a MF1 MF2 MF3",0,0,"Patrolling on chaff; chaff was far away from the entrance",2023-06-27 19:17:00,"evening",17.28,65.28,3.936,5.05,154,134.7,175.3,1.353,28.3,0.1,10.6997406404665,-0.829999999999998,2.83,-45.8,0,0,-0.119604292147896,19:15:00,34.69764,-120.04993,"road",5.84160524268101,6,0,0,5080,45,22,2,67,23,0.713304637984925,TRUE,TRUE,TRUE
"165",190,"123",2023-06-27 20:00:00,"AW/AY",2025-11-20 20:04:00,2023-06-27,"123a",2,4,3,"1a 2a 2b",4,1,"",2023-06-27 20:04:00,"evening",15.39,72.1,1.807,3,40.29,18.18,57.97,1.353,28.3,0.101,10.385732505777,-0.75,18.58,-35.54,0,0,3.69671161620752,20:00:00,34.69704,-120.04827,"field",8.32038761150082,6,0,0,445,46,53,3,99,-7,-0.14136397824529,TRUE,TRUE,TRUE
"166",191,"50",2023-06-28 05:15:00,"AW/AY",2025-11-20 05:20:00,2023-06-28,"50a",2,6,0,"0",21,1,"Patrolling and foraging on mound",2023-06-28 05:20:00,"morning",10.05,97,0,0,0,0,0,1.354,25.6,0.098,9.59507960564731,0.0200000000000014,0.0999999999999943,0,-0.00999999999999801,0.001,0.0353024092916723,05:15:00,34.69706,-120.04893,"road",10.597259723501,2,1,0.5,4.5,NA,NA,0,NA,NA,NA,TRUE,FALSE,FALSE
"167",192,"59",2023-06-28 05:30:00,"AW/AY",2025-11-20 05:31:00,2023-06-28,"59a",3,17,3,"1a 2a MF1",21,0,"",2023-06-28 05:31:00,"morning",9.98,97.1,0,0,0,0,0,1.354,25.6,0.099,9.54068509853056,-0.0700000000000003,0.0999999999999943,0,0,0.001,-0.0543945071167471,05:30:00,34.69761,-120.04987,"field",4.28417975601189,7,1,0.333333333333333,100,7,6,2,13,1,0.151806012868004,TRUE,TRUE,TRUE
"168",193,"95",2023-06-28 05:45:00,"AW/AY",2025-11-20 05:49:00,2023-06-28,"95a",7,24,1,"7a",12,0,"NM 7: 0, Lux 6: 1090, Lux 7: 1330 (recorded); extended patrolling",2023-06-28 05:49:00,"morning",9.89,97.3,0,0,0.074,0,0.404,1.354,25.6,0.099,9.48164201515558,-0.0899999999999999,0.200000000000003,0.074,0,0,-0.0590430833749895,05:45:00,34.69779,-120.04883,"field",8.0499634211988,7,0,0,918.571428571429,3,0,1,3,3,3.43398720448515,TRUE,TRUE,FALSE
"169",194,"97",2023-06-28 06:15:00,"AW/AY",2025-11-20 06:22:00,2023-06-28,"97a",1,4,1,"1a",18,1,"Patrolling",2023-06-28 06:22:00,"morning",9.86,97.5,0,0,2.775,1.617,3.839,1.354,25.4,0.099,9.4823208280525,0,0.0999999999999943,1.96,-0.170000000000002,0,0.0152841044807701,06:15:00,34.69804,-120.0498,"field",4.43740226359447,2,0,0,1170,0,1,1,1,-1,-2.39789527279837,TRUE,TRUE,FALSE
"170",195,"55",2023-06-28 06:30:00,"AW/AY",2025-11-20 06:36:00,2023-06-28,"55a",4,9,4,"1a 3a MF1 MF2",21,4,"",2023-06-28 06:36:00,"morning",9.91,97.5,0,0,7.362,4.042,10.91,1.354,25.4,0.098,9.53217163267698,0.0500000000000007,0,4.587,0,-0.001,0.0498508046244748,06:30:00,34.69745,-120.04963,"road",7.97873195999015,4,1,0.25,3785,18,9,2,27,9,0.687637524748976,TRUE,TRUE,TRUE
"171",196,"83",2023-06-28 06:45:00,"AW/AY",2025-11-20 06:51:00,2023-06-28,"83b",2,4,2,"12a MF1",21,9,"Extended patrolling",2023-06-28 06:51:00,"morning",10.04,97.6,0,0,14.39,10.91,17.98,1.354,25.4,0.097,9.67707557657236,0.129999999999999,0.0999999999999943,7.028,0,-0.001,0.144903943895379,06:45:00,34.69767,-120.05002,"road",8.89230681090016,4,0,0,5180,1,6,1,7,-5,-1.71297859137494,TRUE,TRUE,FALSE
"172",197,"9",2023-06-28 07:15:00,"AW/AY",2025-11-20 07:12:00,2023-06-28,"9a",2,6,2,"1a 2a",21,0,"",2023-06-28 07:12:00,"morning",10.31,97.5,0,0,34.84,29.3,42.64,1.354,25.13,0.096,9.93097701060394,0.0999999999999996,0,11.51,-0.240000000000002,0,0.0997011679706379,07:15:00,34.69712,-120.04942,"field",7.19399250635417,3,1,0.5,8545,4,13,2,17,-9,-1.16162525649684,TRUE,TRUE,FALSE
"173",198,"73",2023-06-28 07:30:00,"AW/AY",2025-11-20 07:35:00,2023-06-28,"73a",1,17,3,"1a 1b MF1",13,21,"",2023-06-28 07:35:00,"morning",10.45,97.3,0,0,45.8,41.43,49.1,1.354,25.1,0.096,10.039833800584,0.139999999999999,-0.200000000000003,10.96,-0.0299999999999976,0,0.108856789980042,07:30:00,34.69611,-120.04762,"field",8.32047901145336,2,0,0,8820,30,34,2,64,-4,-0.124772212534641,TRUE,TRUE,TRUE
"174",199,"45",2023-06-28 17:15:00,"AW/AY",2025-11-20 17:11:00,2023-06-28,"45a",1,17,4,"1a 1b MF1 MF2",0,0,"",2023-06-28 17:11:00,"evening",22.88,48.93,4.251,5.825,464.8,284.8,531.8,1.353,27.87,0.1,11.5755738780415,-0.0500000000000007,-0.119999999999997,-13.7,0.0700000000000003,-0.001,-0.0829517639374675,17:15:00,34.69665,-120.0479,"road",9.19205970555351,10,0,0,51800,75,5,2,80,70,2.68958001903981,TRUE,TRUE,FALSE
"175",200,"39",2023-06-28 17:30:00,"AW/AY",2025-11-20 17:34:00,2023-06-28,"39a",1,4,4,"1a 1b 1c MF1",0,0,"",2023-06-28 17:34:00,"evening",22.4,49.8,4.761,7.325,469.3,448,491.2,1.353,28,0.099,11.4017151935923,-0.48,0.869999999999997,4.5,0.129999999999999,-0.001,-0.173858684449167,17:30:00,34.69696,-120.04797,"field",5.62191542168327,4,0,0,9350,83,36,3,119,47,0.833751836522567,TRUE,TRUE,TRUE
"176",201,"16",2023-06-28 18:00:00,"AW/AY",2025-11-20 17:53:00,2023-06-28,"16a",1,5,3,"1a 1b MF1",0,0,"",2023-06-28 17:53:00,"evening",21.07,52.55,5.05,6.4,379.6,356.7,401.1,1.353,28.3,0.099,10.9869746130483,-0.66,1.84,-45.1,0.27,0,-0.0718413656847154,18:00:00,34.69767,-120.05002,"road",8.89230681090016,4,0,0,48900,30,21,2,51,9,0.355252131272809,TRUE,TRUE,TRUE
"177",202,"60",2023-06-28 18:00:00,"AW/AY",2025-11-20 18:02:00,2023-06-28,"60a",1,13,0,"0",0,0,"Really low activity",2023-06-28 18:02:00,"evening",21.07,52.55,5.05,6.4,379.6,356.7,401.1,1.353,28.3,0.099,10.9869746130483,-0.66,1.84,-45.1,0.27,0,-0.0718413656847154,18:00:00,34.69764,-120.04993,"road",5.84160524268101,6,0,0,42200,NA,NA,0,NA,NA,NA,TRUE,FALSE,FALSE
"178",203,"41",2023-06-28 18:15:00,"AW/AY",2025-11-20 18:08:00,2023-06-28,"41a",4,25,6,"4a MF1 MF2 MF3 MF4 MF5",0,0,"Mound patrol",2023-06-28 18:08:00,"evening",20.57,54.36,4.238,5.25,333.4,311.6,355.5,1.353,28.3,0.098,11.0339762068916,-0.5,1.81,-46.2,0,-0.001,0.0470015938432766,18:15:00,34.69649,-120.04755,"road",11.4875260270969,6,0,0,30525,67,17,1,84,50,1.36710558046902,TRUE,TRUE,FALSE
"179",205,"33",2023-06-28 18:45:00,"AW/AY",2025-11-20 18:40:00,2023-06-28,"33a",5,22,6,"2a 2b 45a MF1 MF2 MF3",0,0,"Possibly 1 more trail; couldn't be measured due to lack of visibility",2023-06-28 18:40:00,"evening",19.51,58.97,3.263,5.075,242.9,221.4,264.6,1.353,28.4,0.098,11.2729264888239,-0.569999999999997,2.41,-44.9,0.0999999999999979,0.001,0.0966901199896384,18:45:00,34.69714,-120.04847,"field",7.41333314163524,6,1,0.2,5486,58,29,3,87,29,0.691427489680419,TRUE,TRUE,TRUE
"180",206,"105",2023-06-28 19:30:00,"AW/AY",2025-11-20 19:23:00,2023-06-28,"105a",1,1,2,"MF1 MF2",0,0,"Very low entrance activity",2023-06-28 19:23:00,"evening",17.62,66.35,3.03,4.25,116.5,98.2,135.1,1.353,28.6,0.101,11.2681307942362,-0.689999999999998,2.63999999999999,-39.5,0,0,-0.0417026593316336,19:30:00,34.69761,-120.04893,"field",7.81931775181214,7,0,0,4270,NA,NA,0,NA,NA,NA,TRUE,FALSE,FALSE
"181",207,"58",2023-06-28 19:30:00,"AW/AY",2025-11-20 19:36:00,2023-06-28,"58a",1,9,1,"1a",0,0,"Extended patrolling",2023-06-28 19:36:00,"evening",17.62,66.35,3.03,4.25,116.5,98.2,135.1,1.353,28.6,0.101,11.2681307942362,-0.689999999999998,2.63999999999999,-39.5,0,0,-0.0417026593316336,19:30:00,34.69764,-120.04982,"road",4.71353919717484,7,1,1,3920,32,31,1,63,1,0.0316482109507816,TRUE,TRUE,TRUE
"182",208,"60",2023-06-28 19:15:00,"SO",2025-11-20 19:13:00,2023-06-28,"60a",2,11,5,"1a 2a 2b MF1 2c",0,0,"",2023-06-28 19:13:00,"evening",18.31,63.71,3.166,4.275,156,136.7,175.7,1.353,28.6,0.101,11.3098334535678,-0.690000000000001,2.58,-42.5,0.0100000000000016,0.001,-0.0271318449377791,19:15:00,34.69764,-120.04993,"road",5.84160524268101,6,1,0.5,11250,120,63,4,183,57,0.64360395953877,TRUE,TRUE,TRUE
"183",209,"33",2023-06-29 05:15:00,"AW/AY",2025-11-20 05:10:00,2023-06-29,"33a",5,8,2,"1a 45a",9,0,"extended patrolling",2023-06-29 05:10:00,"morning",9.14,98.9,0,0,0,0,0,1.354,25.9,0.099,8.97579751260563,-0.00999999999999979,0.100000000000009,0,-0.0800000000000018,0,0.00502148855880158,05:15:00,34.69714,-120.04847,"field",7.41333314163524,6,0,0,38,9,14,2,23,-5,-0.437900383861318,TRUE,TRUE,TRUE
"184",210,"107",2023-06-29 05:45:00,"AW/AY",2025-11-20 05:39:00,2023-06-29,"107a",5,8,2,"4a 123a",3,1,"extended patrolling",2023-06-29 05:39:00,"morning",9.11,99,0,0,0.108,0,0.404,1.354,25.9,0.098,8.96082689196429,-0.0600000000000005,0.0999999999999943,0.108,0,-0.001,-0.0449315754982056,05:45:00,34.69768,-120.04892,"field",6.42626428793832,10,1,0.2,548,8,11,2,19,-3,-0.315081046639895,TRUE,TRUE,TRUE
"185",211,"46",2023-06-29 06:00:00,"AW/AY",2025-11-20 06:05:00,2023-06-29,"46a",2,3,0,"",0,1,"alates present (unknown sex), only foraging within chaff",2023-06-29 06:05:00,"morning",9.03,99.1,0,0,1.63,0.404,3.233,1.354,25.64,0.1,8.89588896712092,-0.0800000000000001,0.0999999999999943,1.522,-0.259999999999998,0.002,-0.0649379248433704,06:00:00,34.69661,-120.04812,"road",10.1803611221652,6,0,0,1680,NA,NA,0,NA,NA,NA,TRUE,FALSE,FALSE
"186",212,"71",2023-06-29 06:15:00,"AW/AY",2025-11-20 06:13:00,2023-06-29,"71a",4,10,3,"1a 2a 4a",5,14,"extended patrolling",2023-06-29 06:13:00,"morning",8.81,99.1,0,0,5.524,3.435,7.881,1.354,25.6,0.098,8.67612282572413,-0.219999999999999,0,3.894,-0.0399999999999991,-0.002,-0.219766141396789,06:15:00,34.69611,-120.0474,"field",9.51442902549541,3,2,0.5,4752.5,19,12,3,31,7,0.456482882449889,TRUE,TRUE,TRUE
"187",213,"3",2023-06-29 07:00:00,"AW/AY",2025-11-20 06:56:00,2023-06-29,"3a",2,7,3,"1a 2a MF1",21,11,"extended patrolling",2023-06-29 06:56:00,"morning",9.25,99.2,0,0,34.41,19.2,57.19,1.354,25.6,0.097,9.13063516872359,0.18,0,13.85,0,0,0.179829829745437,07:00:00,34.69674,-120.04833,"road",8.89239216635988,2,0,0,9085,50,19,2,69,31,0.964332673038235,TRUE,TRUE,TRUE
"188",214,"18",2023-06-29 17:15:00,"AW/AY",2025-11-20 17:11:00,2023-06-29,"18a",1,17,0,"",0,0,"",2023-06-29 17:11:00,"evening",28.23,37.98,3.853,5.775,505,484.7,524.4,1.352,28.6,0.097,12.5512970779682,0.0800000000000018,-1.19,-40.8,0.16,-0.002,-0.400357160574821,17:15:00,34.69783,-120.05025,"road",27.5522778191893,0,0,0,76000,NA,NA,0,NA,NA,NA,TRUE,FALSE,FALSE
"189",215,"53",2023-06-29 17:15:00,"AW/AY",2025-11-20 17:21:00,2023-06-29,"53a",1,10,0,"",0,0,"Ants taking forage out from entrance",2023-06-29 17:21:00,"evening",28.23,37.98,3.853,5.775,505,484.7,524.4,1.352,28.6,0.097,12.5512970779682,0.0800000000000018,-1.19,-40.8,0.16,-0.002,-0.400357160574821,17:15:00,34.69729,-120.04926,"road",9.74801751944913,4,0,0,74900,NA,NA,0,NA,NA,NA,TRUE,FALSE,FALSE
"190",216,"83",2023-06-29 17:30:00,"AW/AY",2025-11-20 17:26:00,2023-06-29,"83b",2,3,0,"",0,0,"",2023-06-29 17:26:00,"evening",27.94,38.07,4.476,6.325,462.9,442.7,483.8,1.352,28.82,0.099,12.3298749198532,-0.289999999999999,0.0900000000000034,-42.1,0.219999999999999,0.002,-0.221422158115017,17:30:00,34.69767,-120.05002,"road",8.89230681090016,4,0,0,70650,NA,NA,0,NA,NA,NA,TRUE,FALSE,FALSE
"191",217,"72",2023-06-29 17:45:00,"AW/AY",2025-11-20 17:39:00,2023-06-29,"72a",1,14,0,"",0,2,"Patrolling; possibly 3 entrances, but decided it was one big hole instead; ants carrying alates (dead?) and 1 F alate foraging",2023-06-29 17:39:00,"evening",27.36,37.52,4.718,6.05,419.3,396.8,440.8,1.352,28.9,0.1,11.5940985136057,-0.580000000000002,-0.549999999999997,-43.6,0.0799999999999983,0.001,-0.735776406247457,17:45:00,34.69604,-120.04746,"field",9.51442902533583,4,0,0,24700,NA,NA,0,NA,NA,NA,TRUE,FALSE,FALSE
"192",218,"50",2023-06-29 18:00:00,"AW/AY",2025-11-20 18:00:00,2023-06-29,"50a",2,19,5,"1a 1b 2a MF1 MF2",0,0,"",2023-06-29 18:00:00,"evening",26.92,38.24,4.223,6.35,374.3,352,396.2,1.352,29.01,0.1,11.4911856757053,-0.439999999999998,0.719999999999999,-45,0.110000000000003,0,-0.102912837900387,18:00:00,34.69706,-120.04893,"road",10.597259723501,2,1,0.5,37100,43,18,2,61,25,0.867611058837922,TRUE,TRUE,TRUE
"193",219,"70",2023-06-29 18:15:00,"AW/AY",2025-11-20 18:22:00,2023-06-29,"70a",1,9,2,"1a 1b",0,0,"",2023-06-29 18:22:00,"evening",26.82,39.52,3.721,5.05,328.9,307.6,350.8,1.352,29.2,0.1,11.9011670515184,-0.100000000000001,1.28,-45.4,0.189999999999998,0,0.40998137581305,18:15:00,34.69598,-120.04737,"field",10.5973377517098,2,0,0,17000,42,61,2,103,-19,-0.372464125489214,TRUE,TRUE,TRUE
"194",220,"64",2023-06-29 18:45:00,"AW/AY",2025-11-20 18:39:00,2023-06-29,"64a",3,11,4,"1a 1b 3a MF1",0,0,"Extended patrolling; supposed to be observed within the 3rd hour",2023-06-29 18:39:00,"evening",26.11,41.32,2.773,4.175,238.8,217.7,259.9,1.352,29.35,0.1,11.9420111883595,-0.219999999999999,0.410000000000004,-44.5,0.140000000000001,0,-0.0458576432169124,18:45:00,34.69677,-120.04749,"field",28.0411727663436,0,1,0.333333333333333,28700,7,8,3,15,-1,-0.131769277631123,TRUE,TRUE,TRUE
"195",221,"123",2023-06-29 19:15:00,"AW/AY",2025-11-20 19:12:00,2023-06-29,"123a",3,8,6,"1a 2a 2b 2c MF1 MF2",4,2,"",2023-06-29 19:12:00,"evening",25.2,43.9,2.744,3.6,153.6,133.9,173.7,1.352,29.5,0.099,12.0423629224896,-0.780000000000001,1.85,-41.7,0,0,-0.0489632318153905,19:15:00,34.69704,-120.04827,"field",8.32038761150082,6,0,0,4640,80,64,4,144,16,0.222831490147689,TRUE,TRUE,TRUE
"196",222,"95",2023-06-29 19:45:00,"AW/AY",2025-11-20 19:42:00,2023-06-29,"95a",7,28,4,"5a 7a MF1 MF2",0,0,"Patrolling; 7th NM: 0, 6th Lux: 1320, 7th Lux: 1410 (entered)",2023-06-29 19:42:00,"evening",24.03,37.52,0.096,1.6,76.88,58.17,95.1,1.353,29.5,0.101,8.63886600894099,-0.619999999999997,-7.8,-37.22,0,0.002,-3.38893179018694,19:45:00,34.69779,-120.04883,"field",8.0499634211988,7,1,0.142857142857143,1532.85714285714,6,10,2,16,-4,-0.504246652667948,TRUE,TRUE,TRUE
"197",223,"66",2023-07-01 06:00:00,"AW/AY",2025-11-20 06:03:00,2023-07-01,"66a",1,2,1,"1a",0,0,"M present (?); alates in entrance count as present?",2023-07-01 06:03:00,"morning",11.7,91.7,0,0,2.438,1.01,4.647,1.354,27.99,0.098,10.3933318735924,-0.550000000000001,0.700000000000003,2.101,-0.0100000000000016,0,-0.428960776466186,06:00:00,34.69648,-120.04714,"field",10.4395388738376,2,0,0,1280,0,7,1,7,-7,-4.26267987704132,TRUE,TRUE,FALSE
"198",224,"95",2023-07-01 06:15:00,"AW/AY",2025-11-20 06:14:00,2023-07-01,"95a",7,25,0,"",20,0,"Extended patrolling concentrated in an area of leaves and bramble, sitting on leaves; 7th NM: 0, 6th Lux: 3230, 7th Lux: 3710",2023-07-01 06:14:00,"morning",11.46,92.2,0,0,7.61,4.647,10.71,1.354,27.81,0.099,10.237241137759,-0.239999999999998,0.5,5.172,-0.18,0.001,-0.156090735833404,06:15:00,34.69779,-120.04883,"field",8.0499634211988,7,0,0,2992,NA,NA,0,NA,NA,NA,TRUE,FALSE,FALSE
"199",225,"18",2023-07-01 06:30:00,"AW/AY",2025-11-20 06:36:00,2023-07-01,"18a",1,11,1,"1a",21,0,"Patrolling",2023-07-01 06:36:00,"morning",11.49,92.7,0,0,14.01,10.91,17.17,1.354,27.8,0.1,10.3480394689123,0.0299999999999994,0.5,6.4,-0.00999999999999801,0.001,0.110798331153308,06:30:00,34.69783,-120.05025,"road",27.5522778191893,0,0,0,5170,0,30,1,30,-30,-5.70711026474888,TRUE,TRUE,FALSE
"200",226,"54",2023-07-01 06:45:00,"AW/AY",2025-11-20 06:47:00,2023-07-01,"54a",3,6,2,"123a 3a",21,15,"Extended patrolling and alates flying",2023-07-01 06:47:00,"morning",11.83,92.1,0,0,42.84,17.58,71.73,1.354,27.8,0.098,10.587385931506,0.34,-0.600000000000009,28.83,0,-0.002,0.239346462593724,06:45:00,34.69734,-120.04949,"road",5.62191508176868,4,1,0.333333333333333,12643.3333333333,33,20,2,53,13,0.498813467317987,TRUE,TRUE,TRUE
"201",227,"74",2023-07-01 07:15:00,"AW/AY",2025-11-20 07:15:00,2023-07-01,"74a",2,9,0,"",3,1,"Alates flying",2023-07-01 07:15:00,"morning",15.05,81.9,0,0,130.8,112.3,149.5,1.354,27.5,0.096,11.9802326984139,1.53,-5.19999999999999,37.7,-0.210000000000001,-0.001,0.566332256238736,07:15:00,34.69612,-120.04753,"field",8.32047901146543,3,1,0.5,12500,NA,NA,0,NA,NA,NA,TRUE,FALSE,FALSE
"202",228,"45",2023-07-01 07:30:00,"AW/AY",2025-11-20 07:27:00,2023-07-01,"45a",1,22,3,"1a 1b MF1",1,0,"Alates flying; a little bit of extended patrolling",2023-07-01 07:27:00,"morning",17.35,72.74,0,0,173,151.5,194.8,1.354,27.5,0.097,12.4049345561346,2.3,-9.16000000000001,42.2,0,0.001,0.424701857720647,07:30:00,34.69665,-120.0479,"road",9.19205970555351,10,1,1,35900,15,17,2,32,-2,-0.124383719687736,TRUE,TRUE,TRUE
"203",229,"46",2023-07-01 07:45:00,"AW/AY",2025-11-20 07:46:00,2023-07-01,"46a",1,2,1,"MF1",0,0,"Found an abandoned nest closer to the flag (moved?)",2023-07-01 07:46:00,"morning",18.59,68.14,0,0,218.4,196.4,239.8,1.354,27.42,0.098,12.5970784107077,1.24,-4.59999999999999,45.4,-0.0799999999999983,0.001,0.192143854573128,07:45:00,34.69661,-120.04812,"road",10.1803611221652,6,1,1,45100,NA,NA,0,NA,NA,NA,TRUE,FALSE,FALSE
"204",230,"105",2023-07-01 08:00:00,"AW/AY",2025-11-20 08:04:00,2023-07-01,"105a",1,3,2,"1a MF1",0,0,"",2023-07-01 08:04:00,"morning",19.56,65.17,0,0,263.9,241,286.3,1.354,27.2,0.098,12.8396918237577,0.969999999999999,-2.97,45.5,-0.220000000000002,0,0.242613413049963,08:00:00,34.69761,-120.04893,"field",7.81931775181214,7,0,0,25600,1,6,1,7,-5,-1.71297859137494,TRUE,TRUE,FALSE
"205",231,"106",2023-07-01 08:15:00,"AW/AY",2025-11-20 08:14:00,2023-07-01,"106a",1,5,3,"1a 1b 1c",0,0,"",2023-07-01 08:14:00,"morning",20.3,62.79,0.051,0.875,310.2,287.9,332.7,1.353,27.2,0.098,12.9714232440402,0.740000000000002,-2.38,46.3,0,0,0.131731420282589,08:15:00,34.69771,-120.04886,"field",6.42626428807566,9,0,0,18800,8,27,3,35,-19,-1.20766966620726,TRUE,TRUE,FALSE
"206",232,"55",2023-07-01 08:30:00,"AW/AY",2025-11-20 08:32:00,2023-07-01,"55a",4,14,3,"1a 2a 3a",0,0,"Male alates present",2023-07-01 08:32:00,"morning",20.57,61.93,0,0,355.6,333.5,377.5,1.353,27.2,0.098,13.0152189427078,0.27,-0.859999999999999,45.4,0,0,0.0437956986676014,08:30:00,34.69745,-120.04963,"road",7.97873195999015,4,1,0.25,62000,10,60,3,70,-50,-1.78347441769395,TRUE,TRUE,FALSE
"207",233,"41",2023-07-01 17:15:00,"AW/AY",2025-11-20 17:13:00,2023-07-01,"41a",1,23,0,"",0,0,"",2023-07-01 17:13:00,"evening",34.06,34.22,3.804,5.075,501.5,479.7,522.9,1.375,30.7,0.101,16.0753078885647,-0.869999999999997,1.22,-42,0.109999999999999,0,-0.189187804147483,17:15:00,34.69649,-120.04755,"road",11.4875260270969,6,0,0,69500,NA,NA,0,NA,NA,NA,TRUE,FALSE,FALSE
"208",234,"71",2023-07-01 17:30:00,"AW/AY",2025-11-20 17:23:00,2023-07-01,"71a",2,9,0,"",0,0,"",2023-07-01 17:23:00,"evening",33.3,34.85,3.931,5.45,457.3,435.4,477.5,1.352,31.02,0.1,15.6955646730268,-0.760000000000005,0.630000000000003,-44.2,0.32,-0.001,-0.379743215537932,17:30:00,34.69611,-120.0474,"field",9.51442902549541,3,0,0,33100,NA,NA,0,NA,NA,NA,TRUE,FALSE,FALSE
"209",235,"97",2023-07-01 17:30:00,"AW/AY",2025-11-20 17:35:00,2023-07-01,"97a",1,7,0,"",0,0,"",2023-07-01 17:35:00,"evening",33.3,34.85,3.931,5.45,457.3,435.4,477.5,1.352,31.02,0.1,15.6955646730268,-0.760000000000005,0.630000000000003,-44.2,0.32,-0.001,-0.379743215537932,17:30:00,34.69804,-120.0498,"field",4.43740226359447,2,0,0,16900,NA,NA,0,NA,NA,NA,TRUE,FALSE,FALSE
"210",236,"8",2023-07-01 17:45:00,"AW/AY",2025-11-20 17:45:00,2023-07-01,"8a",1,10,0,"",0,0,"",2023-07-01 17:45:00,"evening",32.93,34.92,3.157,4.175,411.8,391.4,434.2,1.386,31.1,0.099,15.4024671976541,-0.369999999999997,0.0700000000000003,-45.5,0.0800000000000018,-0.001,-0.293097475372676,17:45:00,34.69707,-120.04937,"field",7.19399250631678,6,0,0,41200,NA,NA,0,NA,NA,NA,TRUE,FALSE,FALSE
"211",237,"46",2023-07-01 18:00:00,"AW/AY",2025-11-20 18:00:00,2023-07-01,"46a",5,8,0,"",0,0,"1 dead male alate in web",2023-07-01 18:00:00,"evening",32.8,33.85,3.136,4.2,368.4,348,390,1.364,31.29,0.1,14.8042511484586,-0.130000000000003,-1.07,-43.4,0.189999999999998,0.001,-0.598216049195578,18:00:00,34.69661,-120.04812,"road",10.1803611221652,6,0,0,31220,NA,NA,0,NA,NA,NA,TRUE,FALSE,FALSE
"212",238,"73",2023-07-01 18:15:00,"AW/AY",2025-11-20 18:13:00,2023-07-01,"73a",1,15,0,"",0,0,"No trail, but started to emerge from the nest",2023-07-01 18:13:00,"evening",32.43,33.7,3.125,3.975,324.4,302.5,346.2,1.352,31.4,0.102,14.4121345474268,-0.369999999999997,-0.149999999999999,-44,0.109999999999999,0.00199999999999999,-0.392116601031807,18:15:00,34.69611,-120.04762,"field",8.32047901145336,2,0,0,11200,NA,NA,0,NA,NA,NA,TRUE,FALSE,FALSE
"213",239,"74",2023-07-01 19:00:00,"AW/AY",2025-11-20 19:00:00,2023-07-01,"74a",2,9,1,"2a",0,0,"",2023-07-01 19:00:00,"evening",31.99,34.35,1.673,2.6,191.9,172.3,212.1,1.352,31.7,0.102,14.3229887038516,-0.290000000000003,0.32,-43.3,0.0700000000000003,0,-0.108921150128026,19:00:00,34.69612,-120.04753,"field",8.32047901146543,3,0,0,11050,10,13,1,23,-3,-0.260076806359892,TRUE,TRUE,TRUE
"214",240,"70",2023-07-01 19:15:00,"AW/AY",2025-11-20 19:18:00,2023-07-01,"70a",1,15,4,"1a 1b 1c MF1",1,0,"MF1 formed out end of data collection",2023-07-01 19:18:00,"evening",31.76,34.54,1.605,2.5,150.3,129.7,170.9,1.352,31.7,0.102,14.2068066466895,-0.229999999999997,0.189999999999998,-41.6,0,0,-0.11618205716209,19:15:00,34.69598,-120.04737,"field",10.5973377517098,2,1,1,3880,50,46,3,96,4,0.0832080580882163,TRUE,TRUE,TRUE
"215",241,"2",2023-07-01 19:45:00,"AW/AY",2025-11-20 19:46:00,2023-07-01,"2a",1,11,4,"1a 1b MF1 MF2",0,0,"",2023-07-01 19:46:00,"evening",30.48,34.92,0.348,1.85,73.03,54.73,90.9,1.352,31.7,0.102,13.2524993308231,-0.829999999999998,-1.08,-37.67,0,0,-1.19949102116512,19:45:00,34.69671,-120.04824,"road",8.8923921663039,3,0,0,2460,50,27,2,77,23,0.614487280205164,TRUE,TRUE,TRUE
"216",242,"55",2023-07-01 20:00:00,"AW/AY",2025-11-20 19:59:00,2023-07-01,"55a",4,20,5,"1a 2a 3a 3b MF1",0,0,"",2023-07-01 19:59:00,"evening",29.8,39.62,0,0,37.6,18.58,53.72,1.352,31.7,0.101,14.5984321006072,-0.68,4.7,-35.43,0,-0.000999999999999987,1.34593276978409,20:00:00,34.69745,-120.04963,"road",7.97873195999015,4,0,0,725,100,73,4,173,27,0.314341319565442,TRUE,TRUE,TRUE
"217",243,"73",2023-07-02 06:00:00,"AW/AY",2025-11-20 06:05:00,2023-07-02,"73a",1,27,1,"1a",3,0,"Extended patrolling and foraging close to nest",2023-07-02 06:05:00,"morning",11.22,94.2,0,0,2.378,0.808,4.446,1.354,28.67,0.099,10.3209108882584,0.220000000000001,0.400000000000006,2.095,-0.209999999999997,0,0.282127783666601,06:00:00,34.69611,-120.04762,"field",8.32047901145336,2,0,0,2450,1,27,1,28,-26,-3.20422354808133,TRUE,TRUE,FALSE
"218",244,"9",2023-07-02 06:30:00,"AW/AY",2025-11-20 06:27:00,2023-07-02,"9a",2,6,1,"2a",21,0,"Extended patrolling, on leaves",2023-07-02 06:27:00,"morning",11.54,94.4,0,0,14.73,11.32,18.39,1.354,28.6,0.1,10.6705362081462,0.34,0.100000000000009,6.95,0,0,0.353576573275614,06:30:00,34.69712,-120.04942,"field",7.19399250635417,3,0,0,6180,3,1,1,4,2,1.03609193168678,TRUE,TRUE,TRUE
"219",245,"8",2023-07-02 06:30:00,"AW/AY",2025-11-20 06:37:00,2023-07-02,"8a",1,14,1,"1a",0,0,"Extended patrolling",2023-07-02 06:37:00,"morning",11.54,94.4,0,0,14.73,11.32,18.39,1.354,28.6,0.1,10.6705362081462,0.34,0.100000000000009,6.95,0,0,0.353576573275614,06:30:00,34.69707,-120.04937,"field",7.19399250631678,6,0,0,11000,2,25,1,27,-23,-2.48093050140836,TRUE,TRUE,FALSE
"220",246,"57",2023-07-02 06:45:00,"AW/AY",2025-11-20 06:49:00,2023-07-02,"57a",3,16,5,"12a 23a 3a MF1 MF2",1,6,"Alates flying",2023-07-02 06:49:00,"morning",12.27,94.2,0,0,43.16,18.59,71.33,1.354,28.44,0.1,11.3634853173115,0.73,-0.200000000000003,28.43,-0.16,0,0.692949109165324,06:45:00,34.69765,-120.04977,"road",4.71353919719012,7,0,0,9610,7,10,3,17,-3,-0.352440639799944,TRUE,TRUE,TRUE
"221",247,"16",2023-07-02 07:00:00,"AW/AY",2025-11-20 07:05:00,2023-07-02,"16b",2,6,2,"12a MF1",3,0,"moved; extended patrolling",2023-07-02 07:05:00,"morning",14.08,89.3,0,0,91.9,72.34,109.5,1.354,28.3,0.099,12.3441958044751,1.81,-4.90000000000001,48.74,-0.140000000000001,-0.001,0.980710487163593,07:00:00,34.69767,-120.05002,"road",8.89230681090016,4,1,0.5,15950,14,11,1,25,3,0.239229689065834,TRUE,TRUE,TRUE
"222",248,"97",2023-07-02 07:15:00,"AW/AY",2025-11-20 07:20:00,2023-07-02,"97a",1,8,0,"",0,0,"Extended patrolling all around (very few foragers); alates present",2023-07-02 07:20:00,"morning",15.66,81.8,0,0,122.3,38.8,146.7,1.354,28.3,0.098,12.5571504759022,1.58,-7.5,30.4,0,-0.001,0.212954671427084,07:15:00,34.69804,-120.0498,"field",4.43740226359447,2,1,1,19400,NA,NA,0,NA,NA,NA,TRUE,FALSE,FALSE
"223",249,"94",2023-07-02 07:30:00,"AW/AY",2025-11-20 07:32:00,2023-07-02,"94a",3,9,0,"",0,1,"Extended patrolling all arounf with a few foragers close to the entrances",2023-07-02 07:32:00,"morning",16.53,77.12,0,0,161.1,36.57,187.5,1.354,28.27,0.099,12.5045353673635,0.870000000000001,-4.67999999999999,38.8,-0.0300000000000011,0.001,-0.052615108538749,07:30:00,34.69828,-120.0496,"field",13.2962845958388,1,0,0,16533.3333333333,NA,NA,0,NA,NA,NA,TRUE,FALSE,FALSE
"224",250,"54",2023-07-02 07:45:00,"AW/AY",2025-11-20 07:52:00,2023-07-02,"54a",4,12,6,"234a 4a 4b 23a MF1 34a",0,0,"",2023-07-02 07:52:00,"morning",16.59,76.07,0.075,1,211,189.1,243.5,1.354,28,0.098,12.3536553593985,0.0599999999999987,-1.05000000000001,49.9,-0.27,-0.001,-0.150880007965002,07:45:00,34.69734,-120.04949,"road",5.62191508176868,4,1,0.25,47625,5,25,5,30,-20,-1.59362730640746,TRUE,TRUE,FALSE
"225",251,"53",2023-07-02 08:15:00,"AW/AY",2025-11-20 08:20:00,2023-07-02,"53a",1,17,5,"1a 1b 1c 1d 1e",0,0,"",2023-07-02 08:20:00,"morning",19.57,66.88,0,0,297,275.8,318.6,1.353,28,0.1,13.2459517480474,1.39,-3.84,44.6,0,0,0.473501663465921,08:15:00,34.69729,-120.04926,"road",9.74801751944913,4,0,0,53200,4,42,5,46,-38,-2.32906076697807,TRUE,TRUE,FALSE
"226",252,"2",2023-07-02 08:30:00,"AW/AY",2025-11-20 08:36:00,2023-07-02,"2a",1,13,0,"",0,0,"Male alates present; trail of smaller red species nearby",2023-07-02 08:36:00,"morning",20.02,65.65,0.234,2.275,341.6,320.6,363.2,1.353,27.85,0.1,13.3891009266347,0.449999999999999,-1.22999999999999,44.6,-0.149999999999999,0,0.143149178587297,08:30:00,34.69671,-120.04824,"road",8.8923921663039,3,1,1,65600,NA,NA,0,NA,NA,NA,TRUE,FALSE,FALSE
"227",253,"64",2023-07-02 17:15:00,"AW/AY",2025-11-20 17:17:00,2023-07-02,"64a",5,8,0,"",0,0,"",2023-07-02 17:17:00,"evening",33.61,33.97,3.104,4.675,501.9,481.3,520.8,1.364,31.3,0.099,15.5671727045048,-0.289999999999999,0.350000000000001,-41,0.199999999999999,-0.001,-0.0913970833046758,17:15:00,34.69677,-120.04749,"field",28.0411727663436,0,0,0,40940,NA,NA,0,NA,NA,NA,TRUE,FALSE,FALSE
"228",254,"46",2023-07-02 17:30:00,"AW/AY",2025-11-20 17:29:00,2023-07-02,"46b",1,1,0,"",0,0,"Lots of dead ants (workers and alates) on mound)",2023-07-02 17:29:00,"evening",33.21,34.96,3.059,4,458.9,437.4,480.1,1.364,31.4,0.1,15.6659197731964,-0.399999999999999,0.990000000000002,-43,0.0999999999999979,0.001,0.0987470686916687,17:30:00,34.69661,-120.04812,"road",10.1803611221652,6,0,0,51400,NA,NA,0,NA,NA,NA,TRUE,FALSE,FALSE
"229",255,"55",2023-07-02 17:30:00,"AW/AY",2025-11-20 17:33:00,2023-07-02,"55a",3,8,0,"",0,0,"Nest activity",2023-07-02 17:33:00,"evening",33.21,34.96,3.059,4,458.9,437.4,480.1,1.364,31.4,0.1,15.6659197731964,-0.399999999999999,0.990000000000002,-43,0.0999999999999979,0.001,0.0987470686916687,17:30:00,34.69745,-120.04963,"road",7.97873195999015,4,0,0,47066.6666666667,NA,NA,0,NA,NA,NA,TRUE,FALSE,FALSE
"230",256,"59",2023-07-02 17:45:00,"AW/AY",2025-11-20 17:41:00,2023-07-02,"59a",3,24,1,"MF1",0,0,"",2023-07-02 17:41:00,"evening",32.31,36.48,3.617,5.025,415.4,393.6,437,1.364,31.52,0.102,15.5394092037257,-0.899999999999999,1.52,-43.5,0.120000000000001,0.00199999999999999,-0.126510569470721,17:45:00,34.69761,-120.04987,"field",4.28417975601189,7,0,0,36033.3333333333,NA,NA,0,NA,NA,NA,TRUE,FALSE,FALSE
"231",257,"54",2023-07-02 18:00:00,"AW/AY",2025-11-20 18:00:00,2023-07-02,"54a",4,6,0,"",0,0,"Beginning to forage",2023-07-02 18:00:00,"evening",31.3,38.27,3.357,4.125,370.5,348.6,391.6,1.352,31.7,0.102,15.3936071955292,-1.01,1.79000000000001,-44.9,0.18,0,-0.145802008196467,18:00:00,34.69734,-120.04949,"road",5.62191508176868,4,0,0,40375,NA,NA,0,NA,NA,NA,TRUE,FALSE,FALSE
"232",258,"45",2023-07-02 18:15:00,"AW/AY",2025-11-20 18:09:00,2023-07-02,"45a",1,18,1,"1a",0,0,"",2023-07-02 18:09:00,"evening",29.66,41.28,4.379,5.575,325.3,304.4,347.2,1.352,31.7,0.102,15.1109243277057,-1.64,3.01,-45.2,0,0,-0.282682867823574,18:15:00,34.69665,-120.0479,"road",9.19205970555351,10,0,0,19200,2,0,1,2,2,3.04452243772342,TRUE,TRUE,FALSE
"233",259,"44",2023-07-02 18:15:00,"AW/AY",2025-11-20 18:17:00,2023-07-02,"44a",1,9,6,"1a 1b 1c 1d MF1 MF2",0,0,"",2023-07-02 18:17:00,"evening",29.66,41.28,4.379,5.575,325.3,304.4,347.2,1.352,31.7,0.102,15.1109243277057,-1.64,3.01,-45.2,0,0,-0.282682867823574,18:15:00,34.6966,-120.04782,"road",4.284216905956,7,0,0,17400,57,40,4,97,17,0.353427782349441,TRUE,TRUE,TRUE
"234",260,"39",2023-07-02 19:00:00,"AW/AY",2025-11-20 19:00:00,2023-07-02,"39a",2,5,1,"MF1",0,0,"Extended patrolling",2023-07-02 19:00:00,"evening",27.98,45.12,2.363,3.375,192.2,172.1,212.9,1.352,32.1,0.101,14.980688472882,0.190000000000001,-0.280000000000001,-42.6,0,-0.000999999999999987,0.0761093224415728,19:00:00,34.69696,-120.04797,"field",5.62191542168327,4,0,0,5680,NA,NA,0,NA,NA,NA,TRUE,FALSE,FALSE
"235",261,"33",2023-07-02 19:15:00,"AW/AY",2025-11-20 19:14:00,2023-07-02,"33a",6,24,7,"1a 1b 5a 6a MF1 3a 34a",0,0,"6th Lux: 3500 (recorded)",2023-07-02 19:14:00,"evening",27.62,45.99,2.125,3.175,150.9,131.7,170.5,1.352,32.1,0.1,14.9509487885745,-0.359999999999999,0.870000000000005,-41.3,0,-0.001,-0.0297396843075521,19:15:00,34.69714,-120.04847,"field",7.41333314163524,6,1,0.166666666666667,3425,149,82,6,231,67,0.59667920531231,TRUE,TRUE,TRUE
"236",262,"94",2023-07-02 19:45:00,"AW/AY",2025-11-20 19:46:00,2023-07-02,"94a",3,11,4,"12a 3a MF1 MF2",0,0,"Extended patrolling",2023-07-02 19:46:00,"evening",25.62,50.31,2.034,2.525,75.89,57.76,93.3,1.352,32.11,0.1,14.5167779031833,-1.03,2.2,-35.91,0,0,-0.250439844791915,19:45:00,34.69828,-120.0496,"field",13.2962845958388,1,0,0,1483.33333333333,42,34,2,76,8,0.210750356398865,TRUE,TRUE,TRUE
"237",263,"60",2023-07-03 06:00:00,"AW/AY",2025-11-20 06:05:00,2023-07-03,"60a",2,25,2,"1a 2a",0,0,"",2023-07-03 06:05:00,"morning",12,95.5,0,0,1.866,0.808,3.435,1.354,28.9,0.101,11.3023371174969,0.460000000000001,0.599999999999994,1.637,-0.0200000000000031,0,0.552347855785516,06:00:00,34.69764,-120.04993,"road",5.84160524268101,6,1,0.5,2330,1,9,2,10,-8,-2.11296423371848,TRUE,TRUE,FALSE
"238",264,"58",2023-07-03 06:15:00,"AW/AY",2025-11-20 06:14:00,2023-07-03,"58a",1,8,1,"1a",0,0,"Male alates present in the nest",2023-07-03 06:14:00,"morning",12.18,95.5,0,0,6.992,3.637,9.9,1.354,28.89,0.099,11.481353645636,0.18,0,5.126,-0.00999999999999801,-0.002,0.179016528139108,06:15:00,34.69764,-120.04982,"road",4.71353919717484,7,0,0,3210,6,14,1,20,-8,-0.837886026204857,TRUE,TRUE,TRUE
"239",265,"74",2023-07-03 06:30:00,"AW/AY",2025-11-20 06:25:00,2023-07-03,"74a",1,11,1,"1a",10,0,"",2023-07-03 06:25:00,"morning",12.58,95.6,0.082,1.275,13.89,10.31,17.58,1.354,28.67,0.099,11.8950528783051,0.4,0.0999999999999943,6.898,-0.219999999999999,0,0.413699232669059,06:30:00,34.69612,-120.04753,"field",8.32047901146543,3,0,0,4250,4,0,1,4,4,3.71357206670431,TRUE,TRUE,FALSE
"240",266,"72",2023-07-03 07:00:00,"AW/AY",2025-11-20 07:00:00,2023-07-03,"72a",1,24,2,"1a 1b",0,0,"Extended patrolling and alates present",2023-07-03 07:00:00,"morning",15.7,88,0,0,96.8,75.98,116.6,1.354,28.6,0.099,13.7163185996596,1.74,-6.2,52.55,0,0,0.674848817211442,07:00:00,34.69604,-120.04746,"field",9.51442902533583,4,1,1,11600,8,28,2,36,-20,-1.24390551466131,TRUE,TRUE,FALSE
"241",267,"44",2023-07-03 07:15:00,"AW/AY",2025-11-20 07:22:00,2023-07-03,"44a",2,13,4,"1a 1b MF1 MF2",2,0,"Alates flying",2023-07-03 07:22:00,"morning",16.77,83.3,0,0,111.2,11.72,150.7,1.354,28.47,0.099,13.9205918154272,1.07,-4.7,14.4,-0.130000000000003,0,0.204273215767625,07:15:00,34.6966,-120.04782,"road",4.284216905956,7,0,0,33700,4,18,2,22,-14,-1.48492496456152,TRUE,TRUE,FALSE
"242",268,"57",2023-07-03 07:45:00,"AW/AY",2025-11-20 07:41:00,2023-07-03,"57a",2,19,4,"1a 1b 2a 12a",0,0,"Only 1 dead alate (M) in web",2023-07-03 07:41:00,"morning",19.93,72.82,0,0,213,185.1,234.2,1.354,28.3,0.1,14.9045164336324,1.39,-5.34,100.6,0,0.001,0.244432005800423,07:45:00,34.69765,-120.04977,"road",4.71353919719012,7,0,0,32600,10,56,4,66,-46,-1.71460038868144,TRUE,TRUE,FALSE
"243",269,"8",2023-07-03 08:00:00,"AW/AY",2025-11-20 07:56:00,2023-07-03,"8a",1,9,3,"1a 1b MF1",0,0,"",2023-07-03 07:56:00,"morning",21.98,64.81,0,0,257.1,235.2,278.2,1.353,28.3,0.1,15.0506932521391,2.05,-8.00999999999999,44.1,0,0,0.146176818506706,08:00:00,34.69707,-120.04937,"field",7.19399250631678,6,0,0,36400,6,2,2,8,4,1.06635142644989,TRUE,TRUE,TRUE
"244",270,"32",2023-07-03 08:00:00,"AW/AY",2025-11-20 08:05:00,2023-07-03,"32a",2,20,1,"1a",0,0,"Female alates present, female alate about to fly",2023-07-03 08:05:00,"morning",21.98,64.81,0,0,257.1,235.2,278.2,1.353,28.3,0.1,15.0506932521391,2.05,-8.00999999999999,44.1,0,0,0.146176818506706,08:00:00,34.69734,-120.04853,"field",7.97873238055065,3,0,0,38950,3,55,1,58,-52,-2.87774760466777,TRUE,TRUE,FALSE
"245",271,"74",2023-07-03 17:15:00,"AW/AY",2025-11-20 17:11:00,2023-07-03,"74a",3,12,0,"",0,0,"No ants yet, so it was difficuly to count entrances",2023-07-03 17:11:00,"evening",31.02,21.82,3.932,5.525,531.8,510.3,552.8,1.364,31.37,0.101,6.68356178353152,-0.260000000000002,1.36,-44.1,0.25,0,0.719702061023365,17:15:00,34.69612,-120.04753,"field",8.32047901146543,3,0,0,68933.3333333333,NA,NA,0,NA,NA,NA,TRUE,FALSE,FALSE
"246",272,"123",2023-07-03 17:15:00,"AW/AY",2025-11-20 17:20:00,2023-07-03,"123a",1,4,0,"",0,0,"Nest activity",2023-07-03 17:20:00,"evening",31.02,21.82,3.932,5.525,531.8,510.3,552.8,1.364,31.37,0.101,6.68356178353152,-0.260000000000002,1.36,-44.1,0.25,0,0.719702061023365,17:15:00,34.69704,-120.04827,"field",8.32038761150082,6,0,0,55900,NA,NA,0,NA,NA,NA,TRUE,FALSE,FALSE
"247",273,"60",2023-07-03 17:30:00,"AW/AY",2025-11-20 17:31:00,2023-07-03,"60a",1,15,0,"",0,0,"",2023-07-03 17:31:00,"evening",30.69,21.96,4.006,5.05,488.7,467.3,509.7,1.352,31.4,0.1,6.50251822034698,-0.329999999999998,0.140000000000001,-43.1,0.0299999999999976,-0.001,-0.181043563184542,17:30:00,34.69764,-120.04993,"road",5.84160524268101,6,0,0,75000,NA,NA,0,NA,NA,NA,TRUE,FALSE,FALSE
"248",274,"94",2023-07-03 17:30:00,"AW/AY",2025-11-20 17:35:00,2023-07-03,"94a",3,9,0,"",0,0,"Nest activity and ants starting to emerge",2023-07-03 17:35:00,"evening",30.69,21.96,4.006,5.05,488.7,467.3,509.7,1.352,31.4,0.1,6.50251822034698,-0.329999999999998,0.140000000000001,-43.1,0.0299999999999976,-0.001,-0.181043563184542,17:30:00,34.69828,-120.0496,"field",13.2962845958388,1,0,0,56000,NA,NA,0,NA,NA,NA,TRUE,FALSE,FALSE
"249",275,"90",2023-07-03 18:00:00,"AW/AY",2025-11-20 17:54:00,2023-07-03,"90a",1,1,0,"",0,0,"Nest activity",2023-07-03 17:54:00,"evening",30,22.53,3.597,6.05,398.6,377.1,421.1,1.352,31.64,0.099,6.30049437811543,-0.16,-0.48,-45.6,0.210000000000001,0,-0.440283388661344,18:00:00,34.69684,-120.04806,"field",10.3199178175132,9,0,0,32400,NA,NA,0,NA,NA,NA,TRUE,FALSE,FALSE
"250",276,"57",2023-07-03 18:00:00,"AW/AY",2025-11-20 18:03:00,2023-07-03,"57a",2,9,0,"",0,0,"Nest activity and emerging",2023-07-03 18:03:00,"evening",30,22.53,3.597,6.05,398.6,377.1,421.1,1.352,31.64,0.099,6.30049437811543,-0.16,-0.48,-45.6,0.210000000000001,0,-0.440283388661344,18:00:00,34.69765,-120.04977,"road",4.71353919719012,7,0,0,39700,NA,NA,0,NA,NA,NA,TRUE,FALSE,FALSE
"251",277,"107",2023-07-03 18:15:00,"AW/AY",2025-11-20 18:14:00,2023-07-03,"107a",3,12,4,"MF1 MF2 23a MF3",0,0,"",2023-07-03 18:14:00,"evening",29.14,21.57,4.137,6.325,351.9,330.2,375.6,1.352,31.7,0.1,4.9559243031095,-0.859999999999999,-0.960000000000001,-46.7,0.0599999999999987,0.001,-1.34457007500593,18:15:00,34.69768,-120.04892,"field",6.42626428793832,10,0,0,15300,2,0,1,2,2,3.04452243772342,TRUE,TRUE,FALSE
"252",278,"65",2023-07-03 18:30:00,"AW/AY",2025-11-20 18:34:00,2023-07-03,"65a",1,10,0,"",0,0,"Extended patrolling and male alates present",2023-07-03 18:34:00,"evening",28.64,22.32,3.682,5.425,308.6,283.6,330.8,1.352,31.7,0.1,5.03109823292418,-0.5,0.75,-43.3,0,0,0.0751739298146852,18:30:00,34.69672,-120.04779,"field",11.1312755046133,6,1,1,16600,NA,NA,0,NA,NA,NA,TRUE,FALSE,FALSE
"253",279,"16",2023-07-03 19:00:00,"AW/AY",2025-11-20 19:00:00,2023-07-03,"16b",1,2,0,"",0,0,"Mound activity",2023-07-03 19:00:00,"evening",27.95,24.93,2.521,4.05,204,120.4,232.9,1.352,32.07,0.1,6.04817001341725,-0.310000000000002,0.969999999999999,-16.2,0.289999999999999,0,0.31314727968297,19:00:00,34.69767,-120.05002,"road",8.89230681090016,4,0,0,22100,NA,NA,0,NA,NA,NA,TRUE,FALSE,FALSE
"254",280,"3",2023-07-03 19:00:00,"AW/AY",2025-11-20 19:07:00,2023-07-03,"3a",2,5,5,"1a 2a MF1 MF2 MF3",0,0,"",2023-07-03 19:07:00,"evening",27.95,24.93,2.521,4.05,204,120.4,232.9,1.352,32.07,0.1,6.04817001341725,-0.310000000000002,0.969999999999999,-16.2,0.289999999999999,0,0.31314727968297,19:00:00,34.69674,-120.04833,"road",8.89239216635988,2,0,0,12900,128,65,2,193,63,0.676886659688165,TRUE,TRUE,TRUE
"255",281,"71",2023-07-04 07:00:00,"AW/AY",2025-11-20 07:04:00,2023-07-04,"71a",4,9,4,"2a MF1 MF2 MF3",4,0,"Extended patrolling",2023-07-04 07:04:00,"morning",7.877,98.8,0,0,65.1,39.62,110.8,63.44,27.98,0.098,7.69957961736972,0.625999999999999,0,35.77,-0.0199999999999996,0,0.625116422906428,07:00:00,34.69611,-120.0474,"field",9.51442902549541,3,0,0,17250,14,14,1,28,0,0,TRUE,TRUE,TRUE
"256",282,"2",2023-07-04 07:30:00,"AW/AY",2025-11-20 07:28:00,2023-07-04,"2a",1,6,2,"1a MF1",0,0,"Female alates present; new nest site found ~4 m North of 2",2023-07-04 07:28:00,"morning",10.56,97.4,0,0,179.2,146.3,197.9,14.43,27.8,0.098,10.1648607409917,1.45,-1.09999999999999,71.1,-0.00999999999999801,0,1.27911959268148,07:30:00,34.69671,-120.04824,"road",8.8923921663039,3,0,0,31400,59,28,1,87,31,0.743461348072352,TRUE,TRUE,TRUE
"257",283,"55",2023-07-04 07:45:00,"AW/AY",2025-11-20 07:48:00,2023-07-04,"55a",4,12,4,"2a 1a MF1 MF2",4,0,"",2023-07-04 07:48:00,"morning",11.63,93.8,0,0,220.2,199.5,240.7,14.59,27.8,0.099,10.6640202655778,1.07,-3.60000000000001,41,0,0.001,0.499159524586103,07:45:00,34.69745,-120.04963,"road",7.97873195999015,4,1,0.25,35300,21,11,2,32,10,0.642327932163732,TRUE,TRUE,TRUE
"258",284,"3",2023-07-04 08:00:00,"AW/AY",2025-11-20 08:06:00,2023-07-04,"3a",2,8,4,"1a MF1 MF2 MF3",0,0,"",2023-07-04 08:06:00,"morning",12.47,87.8,0.07,0.775,260.4,242.7,279.3,15.89,27.69,0.098,10.5011662262649,0.84,-6,40.2,-0.109999999999999,-0.001,-0.162854039312929,08:00:00,34.69674,-120.04833,"road",8.89239216635988,2,0,0,56150,10,33,1,43,-23,-1.1869978585358,TRUE,TRUE,FALSE
"259",285,"39",2023-07-04 08:15:00,"AW/AY",2025-11-20 08:17:00,2023-07-04,"39a",1,5,3,"MF1 MF2 MF3",0,0,"",2023-07-04 08:17:00,"morning",13.9,82,0,0,302.3,280.3,323.9,19.7,27.5,0.096,10.8757345425435,1.43,-5.8,41.9,-0.190000000000001,-0.002,0.374568316278635,08:15:00,34.69696,-120.04797,"field",5.62191542168327,4,0,0,51100,NA,NA,0,NA,NA,NA,TRUE,FALSE,FALSE
"260",286,"41",2023-07-04 08:30:00,"AW/AY",2025-11-20 08:26:00,2023-07-04,"41a",2,14,7,"1a 2a 2b 1b MF1 MF2 MF3",1,0,"",2023-07-04 08:26:00,"morning",15.56,74.96,0,0,346.6,326.3,367.5,31.53,27.5,0.095,11.1349009156545,1.66,-7.04000000000001,44.3,0,-0.001,0.259166373111009,08:30:00,34.69649,-120.04755,"road",11.4875260270969,6,0,0,92050,17,66,3,83,-49,-1.35209028334903,TRUE,TRUE,FALSE
"261",287,"74",2023-07-04 08:45:00,"AW/AY",2025-11-20 08:41:00,2023-07-04,"74a",2,7,2,"2a MF1",0,0,"",2023-07-04 08:41:00,"morning",17.04,69.75,0,0,390.2,368.3,411.6,62.71,27.47,0.095,11.469907100817,1.48,-5.20999999999999,43.6,-0.0300000000000011,0,0.33500618516249,08:45:00,34.69612,-120.04753,"field",8.32047901146543,3,0,0,33950,3,8,1,11,-5,-0.960461950187292,TRUE,TRUE,TRUE
"262",288,"72",2023-07-04 18:30:00,"AW/AY",2025-11-20 18:28:00,2023-07-04,"72a",1,13,8,"1a 1b 1c 1d 1e 1f 1g MF1",0,0,"",2023-07-04 18:28:00,"evening",24.81,44.79,3.759,4.775,276.1,78.97,321.7,1.352,31.38,0.102,11.9942166341354,-0.710000000000001,2,-50.3,0.279999999999998,0.000999999999999987,0.0520105661014139,18:30:00,34.69604,-120.04746,"field",9.51442902533583,4,0,0,19600,74,84,7,158,-10,-0.126591034676861,TRUE,TRUE,TRUE
"263",290,"59",2023-07-04 19:15:00,"AW/AY",2025-11-20 19:13:00,2023-07-04,"59a",3,31,5,"12a 2a MF1 MF2 123a",0,0,"",2023-07-04 19:13:00,"evening",22.3,51.8,3.404,4.525,165.4,145.4,185.4,1.353,31.4,0.102,11.906241703709,-0.640000000000001,2.2,-42.6,0,0,0.0694552105382673,19:15:00,34.69761,-120.04987,"field",4.28417975601189,7,2,0.666666666666667,4400,47,82,3,129,-35,-0.55566501543601,TRUE,TRUE,TRUE
"264",291,"32",2023-07-04 19:30:00,"AW/AY",2025-11-20 19:35:00,2023-07-04,"32a",2,14,4,"1a 1b 2a MF1",0,0,"",2023-07-04 19:35:00,"evening",21.73,53.57,2.6,3.55,125.5,107.4,143.8,1.353,31.4,0.101,11.8889958427706,-0.57,1.77,-39.9,0,-0.000999999999999987,-0.0172458609384414,19:30:00,34.69734,-120.04853,"field",7.97873238055065,3,0,0,2430,16,32,3,48,-16,-0.690036758145553,TRUE,TRUE,TRUE
"265",292,"66",2023-07-04 20:00:00,"AW/AY",2025-11-20 19:54:00,2023-07-04,"66a",1,3,2,"1a 1b",0,0,"",2023-07-04 19:54:00,"evening",19.88,59.08,2.113,2.9,45.76,15.75,66.65,1.353,31.42,0.1,11.6482999359883,-0.91,18.75,-42.24,0.0200000000000031,-0.001,4.84018983196147,20:00:00,34.69648,-120.04714,"field",10.4395388738376,2,0,0,1310,20,5,2,25,15,1.37147927533475,TRUE,TRUE,FALSE
"266",293,"83",2023-07-04 20:00:00,"AW/AY",2025-11-20 20:06:00,2023-07-04,"83b",2,13,4,"1a 1b 2a MF1",0,0,"",2023-07-04 20:06:00,"evening",19.88,59.08,2.113,2.9,45.76,15.75,66.65,1.353,31.42,0.1,11.6482999359883,-0.91,18.75,-42.24,0.0200000000000031,-0.001,4.84018983196147,20:00:00,34.69767,-120.05002,"road",8.89230681090016,4,2,1,555,13,10,3,23,3,0.260076806359892,TRUE,TRUE,TRUE
"267",294,"107",2023-07-04 20:15:00,"AW/AY",2025-11-20 20:19:00,2023-07-04,"107a",3,12,5,"1a 12a 123a 3a 3b",0,0,"",2023-07-04 20:19:00,"evening",18.28,64.46,0.904,3.15,11.31,8.28,14.14,1.353,31.4,0.1,11.4583577212346,-1.6,5.38,-34.45,-0.0200000000000031,0,-0.189942214753705,20:15:00,34.69768,-120.04892,"field",6.42626428793832,10,0,0,13.3333333333333,16,46,5,62,-30,-1.05199367801219,TRUE,TRUE,TRUE
"268",295,"39",2023-07-04 20:45:00,"AW/AY",2025-11-20 20:40:00,2023-07-04,"39a",1,5,0,"",0,0,"Nest activity",2023-07-04 20:40:00,"evening",16.16,72.28,0.111,1.35,1.057,0.202,2.424,1.353,31.4,0.1,11.1637975468882,-0.969999999999999,3.36,-3.986,0,0,-0.211174179479732,20:45:00,34.69696,-120.04797,"field",5.62191542168327,4,0,0,6,NA,NA,0,NA,NA,NA,TRUE,FALSE,FALSE
"269",296,"60",2023-07-05 07:00:00,"AW/AY",2025-11-20 07:07:00,2023-07-05,"60a",3,27,2,"1a 12a",0,0,"Extended patrolling",2023-07-05 07:07:00,"morning",9.62,98.7,0,0,31.82,27.49,34.96,2.054,27.8,0.095,9.42502995421303,0.19,0,10.04,0,0,0.189707081447507,07:00:00,34.69764,-120.04993,"road",5.84160524268101,6,0,0,8440,10,8,2,18,2,0.220671362168821,TRUE,TRUE,TRUE
"270",297,"58",2023-07-05 07:15:00,"AW/AY",2025-11-20 07:19:00,2023-07-05,"58a",1,6,1,"1a",2,0,"Extended patrolling",2023-07-05 07:19:00,"morning",9.77,98.7,0,0,38.56,32.94,47.49,10.04,27.53,0.095,9.57479854729958,0.15,0,6.74,-0.27,0,0.149768593086554,07:15:00,34.69764,-120.04982,"road",4.71353919717484,7,0,0,10700,49,41,1,90,8,0.177850913298286,TRUE,TRUE,TRUE
"271",298,"53",2023-07-05 07:30:00,"AW/AY",2025-11-20 07:29:00,2023-07-05,"53a",1,12,8,"1a 1b 1c 1d 1e 1f MF1 MF2",0,0,"",2023-07-05 07:29:00,"morning",9.75,98.7,0,0,52.32,47.09,62.45,25.99,27.5,0.096,9.55482940947831,-0.0199999999999996,0,13.76,-0.0300000000000011,0.001,-0.0199691378212705,07:30:00,34.69729,-120.04926,"road",9.74801751944913,4,1,1,11900,45,48,6,93,-3,-0.0643999306030828,TRUE,TRUE,TRUE
"272",299,"83",2023-07-05 07:45:00,"AW/AY",2025-11-20 07:45:00,2023-07-05,"83b",2,12,4,"1a 1b 2a 2b",0,0,"",2023-07-05 07:45:00,"morning",9.77,98.6,0,0,74.93,62.04,98,21.67,27.5,0.096,9.55968929430728,0.0199999999999996,-0.100000000000009,22.61,0,0,0.00485988482896538,07:45:00,34.69767,-120.05002,"road",8.89230681090016,4,0,0,15050,54,11,3,65,43,1.58388907753415,TRUE,TRUE,FALSE
"273",300,"65",2023-07-05 08:00:00,"AW/AY",2025-11-20 08:00:00,2023-07-05,"65a",1,9,2,"1a 1b",0,0,"Extended patrolling",2023-07-05 08:00:00,"morning",10.15,98.6,0,0,94.2,30.52,113,20.01,27.47,0.097,9.93905704486452,0.380000000000001,0,19.27,-0.0300000000000011,0.001,0.379367750557238,08:00:00,34.69672,-120.04779,"field",11.1312755046133,6,0,0,13400,7,10,2,17,-3,-0.352440639799944,TRUE,TRUE,TRUE
"274",301,"50",2023-07-05 08:15:00,"AW/AY",2025-11-20 08:09:00,2023-07-05,"50a",2,19,2,"1a MF1",0,0,"Low activity overall",2023-07-05 08:09:00,"morning",10.52,98.4,0,0,121.3,109.5,136,21.1,27.2,0.098,10.2780018393459,0.369999999999999,-0.199999999999989,27.1,-0.27,0.001,0.338944794481392,08:15:00,34.69706,-120.04893,"road",10.597259723501,2,0,0,23000,1,1,1,2,0,0,TRUE,TRUE,TRUE
"275",302,"46",2023-07-05 08:15:00,"AW/AY",2025-11-20 08:18:00,2023-07-05,"46b",1,4,4,"1a 1b MF1 MF2",0,0,"",2023-07-05 08:18:00,"morning",10.52,98.4,0,0,121.3,109.5,136,21.1,27.2,0.098,10.2780018393459,0.369999999999999,-0.199999999999989,27.1,-0.27,0.001,0.338944794481392,08:15:00,34.69661,-120.04812,"road",10.1803611221652,6,0,0,28200,57,41,2,98,16,0.328795995159776,TRUE,TRUE,TRUE
"276",303,"73",2023-07-05 08:30:00,"AW/AY",2025-11-20 08:30:00,2023-07-05,"73a",1,25,6,"1a 1b MF1 MF2 MF3 MF4",0,0,"Alates present",2023-07-05 08:30:00,"morning",11.03,98,0,0,160.2,131.1,194.8,21.65,27.2,0.098,10.7257413199755,0.51,-0.400000000000006,38.9,0,0,0.447739480629611,08:30:00,34.69611,-120.04762,"field",8.32047901145336,2,1,1,27500,24,77,2,101,-53,-1.16289144007267,TRUE,TRUE,FALSE
"277",304,"70",2023-07-05 08:45:00,"AW/AY",2025-11-20 08:52:00,2023-07-05,"70a",1,4,2,"1a 1b",0,0,"",2023-07-05 08:52:00,"morning",11.96,95.9,0,0,226.1,178.8,290.8,28.84,27.2,0.097,11.3257101097365,0.930000000000001,-2.09999999999999,65.9,0,-0.001,0.599968789760966,08:45:00,34.69598,-120.04737,"field",10.5973377517098,2,0,0,67200,6,39,2,45,-33,-1.85783369581205,TRUE,TRUE,FALSE
"278",305,"8",2023-07-05 18:30:00,"AW/AY",2025-11-20 18:36:00,2023-07-05,"8b",1,4,5,"1a 1b 1c MF1 MF2",0,0,"",2023-07-05 18:36:00,"evening",21.93,50.7,4.112,5.625,270.2,192.1,311.4,1.353,30.78,0.101,11.2400397926758,-0.809999999999999,2.14,-38.8,0.0800000000000018,-0.000999999999999987,-0.0924003988840596,18:30:00,34.69707,-120.04937,"field",7.19399250631678,6,0,0,10400,31,29,3,60,2,0.0664696450077416,TRUE,TRUE,TRUE
"279",306,"64",2023-07-05 19:00:00,"AW/AY",2025-11-20 19:00:00,2023-07-05,"64a",3,16,6,"1a 12a 3a MF1 MF2 MF3",0,0,"Extended patrolling",2023-07-05 19:00:00,"evening",20.36,55.47,4.081,5.025,200.8,179.8,222.4,1.353,31.1,0.101,11.1435814338295,-1.07,3.91,-35.6,0,0,0.110683439570462,19:00:00,34.69677,-120.04749,"field",28.0411727663436,0,1,0.333333333333333,8313.33333333333,74,21,3,95,53,1.25614249182002,TRUE,TRUE,FALSE
"280",307,"73",2023-07-05 19:15:00,"AW/AY",2025-11-20 19:18:00,2023-07-05,"73a",2,28,4,"2a 2b 2c 2d",0,0,"M/F alates present",2023-07-05 19:18:00,"evening",19.75,58.2,3.515,4.75,158.4,138.8,178.1,1.353,31.1,0.101,11.2993440759695,-0.609999999999999,2.73,-42.4,0,0,0.155762642139941,19:15:00,34.69611,-120.04762,"field",8.32047901145336,2,1,0.5,4805,89,89,4,178,0,0,TRUE,TRUE,TRUE
"281",308,"83",2023-07-05 19:45:00,"AW/AY",2025-11-20 19:41:00,2023-07-05,"83b",2,11,5,"1a 1b 2a 2b MF1",0,0,"",2023-07-05 19:41:00,"evening",18.3,44.7,2.807,3.85,81.2,61.8,99.8,1.353,31.1,0.101,6.05607830614818,-0.829999999999998,-16.09,-37.9,0,0,-5.31904016911864,19:45:00,34.69767,-120.05002,"road",8.89230681090016,4,2,1,2365,51,88,9,139,-37,-0.544688035732475,TRUE,TRUE,TRUE
"282",310,"105",2023-07-05 20:15:00,"AW/AY",2025-11-20 20:16:00,2023-07-05,"105a",1,1,1,"MF1",0,0,"1 dead male alate; overall low activity",2023-07-05 20:16:00,"evening",16.48,70.01,1.013,2.325,11.78,8.48,15.15,1.353,31.1,0.101,10.9896765099348,-1.08,3.79000000000001,-29.87,0,0,-0.1917308963755,20:15:00,34.69761,-120.04893,"field",7.81931775181214,7,0,0,200,NA,NA,0,NA,NA,NA,TRUE,FALSE,FALSE
"283",311,"90",2023-07-05 20:30:00,"AW/AY",2025-11-20 20:25:00,2023-07-05,"90a",3,4,3,"3a 23a 23b",0,0,"",2023-07-05 20:25:00,"evening",15.72,72.96,1.304,3.025,5.144,2.424,8.28,1.353,31.1,0.101,10.8815261348447,-0.76,2.94999999999999,-6.636,0,0,-0.108150375090112,20:30:00,34.69684,-120.04806,"field",10.3199178175132,9,1,0.333333333333333,8.66666666666667,4,14,4,18,-10,-1.23518782367386,TRUE,TRUE,FALSE
"284",312,"44",2023-07-05 20:45:00,"AW/AY",2025-11-20 20:42:00,2023-07-05,"44a",1,12,2,"1a MF1",0,0,"",2023-07-05 20:42:00,"evening",15.01,75.74,0.964,2.2,1.017,0.202,2.424,1.353,31.1,0.101,10.7591975626657,-0.710000000000001,2.78,-4.127,0,0,-0.122328572178995,20:45:00,34.6966,-120.04782,"road",4.284216905956,7,0,0,1,7,28,1,35,-21,-1.37567479229243,TRUE,TRUE,FALSE
"285",313,"59",2023-07-06 07:00:00,"AW/AY",2025-11-20 07:06:00,2023-07-06,"59a",2,28,1,"12a",7,0,"Extended patrolling",2023-07-06 07:06:00,"morning",9.06,98.9,0,0,33.11,27.69,37.79,43.37,27.2,0.095,8.89590161030955,0,0.100000000000009,12.99,-0.220000000000002,0,0.0149977743562442,07:00:00,34.69761,-120.04987,"field",4.28417975601189,7,0,0,7815,2,6,1,8,-4,-1.06635142644989,TRUE,TRUE,TRUE
"286",314,"106",2023-07-06 07:15:00,"AW/AY",2025-11-20 07:19:00,2023-07-06,"106a",1,4,2,"1a 1b",0,0,"Male alates present; extended patrolling",2023-07-06 07:19:00,"morning",9.18,98.9,0,0,46.77,38.4,54.37,41.91,27.2,0.095,9.01574545138398,0.119999999999999,0,13.66,0,0,0.119843841074427,07:15:00,34.69771,-120.04886,"field",6.42626428807566,9,0,0,8340,0,4,2,4,-4,-3.71357206670431,TRUE,TRUE,FALSE
"287",315,"123",2023-07-06 07:30:00,"AW/AY",2025-11-20 07:33:00,2023-07-06,"123a",3,8,4,"1a 1b MF1 3a",15,0,"",2023-07-06 07:33:00,"morning",9.51,99,0,0,40.74,14.35,63.87,37.55,27.2,0.095,9.36035352356339,0.33,0.0999999999999943,-6.03,0,0,0.344608072179408,07:30:00,34.69704,-120.04827,"field",8.32038761150082,6,0,0,12000,14,18,3,32,-4,-0.249737140887658,TRUE,TRUE,TRUE
"288",316,"9",2023-07-06 08:00:00,"AW/AY",2025-11-20 08:03:00,2023-07-06,"9a",2,5,4,"1a MF1 2a 2b",0,0,"Extended patrolling",2023-07-06 08:03:00,"morning",10.24,98.9,0,0,87.8,80.8,94,18.6,27,0.097,10.0743628242167,0.33,0,16.77,-0.190000000000001,0.001,0.329568938666311,08:00:00,34.69712,-120.04942,"field",7.19399250635417,3,0,0,17950,6,10,3,16,-4,-0.504246652667948,TRUE,TRUE,TRUE
"289",317,"48",2023-07-06 08:15:00,"AW/AY",2025-11-20 08:19:00,2023-07-06,"48a",2,5,3,"12a MF1 MF2",0,1,"",2023-07-06 08:19:00,"morning",10.66,98.8,0,0,95.7,90.3,100,18.73,26.9,0.097,10.4786248300128,0.42,-0.100000000000009,7.90000000000001,-0.100000000000001,0,0.404262005796173,08:15:00,34.69683,-120.04842,"road",12.9492056974049,4,0,0,19600,21,24,1,45,-3,-0.132938800014588,TRUE,TRUE,TRUE
"290",318,"45",2023-07-06 08:30:00,"AW/AY",2025-11-20 08:36:00,2023-07-06,"45a",2,16,6,"1a 1b 1c 12a 2a MF1",0,0,"",2023-07-06 08:36:00,"morning",10.78,98.6,0,0,126.7,103.5,140.8,18.75,26.9,0.097,10.5680067528558,0.119999999999999,-0.200000000000003,31,0,0,0.0893819228429553,08:30:00,34.69665,-120.0479,"road",9.19205970555351,10,0,0,22750,15,29,5,44,-14,-0.656043430356568,TRUE,TRUE,TRUE
"291",319,"66",2023-07-06 08:45:00,"AW/AY",2025-11-20 08:52:00,2023-07-06,"66a",1,2,2,"MF1 1a",0,0,"",2023-07-06 08:52:00,"morning",11.07,98.3,0.31,1.7,136,132.8,138.6,19.04,26.9,0.097,10.8116457917896,0.290000000000001,-0.299999999999997,9.3,0,0,0.243639038933841,08:45:00,34.69648,-120.04714,"field",10.4395388738376,2,0,0,22100,0,7,1,7,-7,-4.26267987704132,TRUE,TRUE,FALSE
"292",320,"3",2023-07-06 19:45:00,"AW/AY",2025-11-20 19:42:00,2023-07-06,"3a",2,8,7,"1a 1b 2a 2b MF1 MF2 MF3",1,0,"",2023-07-06 19:42:00,"evening",17.94,47.28,2.903,4.1,86.2,67.06,103.6,1.353,30.7,0.098,6.54281900796289,-0.549999999999997,-17.44,-35.5,0.00999999999999801,-0.001,-5.17572802004544,19:45:00,34.69674,-120.04833,"road",8.89239216635988,2,0,0,2240,70,79,4,149,-9,-0.120790080733064,TRUE,TRUE,TRUE
"293",321,"16",2023-07-06 20:00:00,"AW/AY",2025-11-20 20:00:00,2023-07-06,"16a",2,5,5,"1a MF1 MF2 MF3 MF4",0,0,"Extended patrolling",2023-07-06 20:00:00,"evening",16.72,71.56,3.545,4.025,44.45,12.93,65.84,1.353,30.7,0.098,11.5507392940266,-1.22,24.28,-41.75,0,0,5.00792028606368,20:00:00,34.69767,-120.05002,"road",8.89230681090016,4,0,0,635,2,14,1,16,-12,-1.90423745265475,TRUE,TRUE,FALSE
"294",322,"18",2023-07-06 20:15:00,"AW/AY",2025-11-20 20:17:00,2023-07-06,"18a",1,7,4,"1a MF1 MF2 MF3",0,0,"M alates present",2023-07-06 20:17:00,"evening",15.31,76.95,2.767,4,9.88,7.069,12.52,1.353,30.7,0.098,11.288637482438,-1.41,5.39,-34.57,0,0,-0.262101811588522,20:15:00,34.69783,-120.05025,"road",27.5522778191893,0,1,1,100,71,41,1,112,30,0.548079215307006,TRUE,TRUE,TRUE
"295",323,"97",2023-07-06 20:30:00,"AW/AY",2025-11-20 20:30:00,2023-07-06,"97a",2,6,3,"12a 12b 1a",8,0,"",2023-07-06 20:30:00,"evening",14.47,80.5,2.183,3.275,4.349,2.02,6.867,1.353,30.59,0.099,11.1534314669297,-0.84,3.55,-5.531,-0.109999999999999,0.001,-0.135206015508301,20:30:00,34.69804,-120.0498,"field",4.43740226359447,2,0,0,1,2,43,3,45,-41,-3.02158565238032,TRUE,TRUE,FALSE
"296",324,"64",2023-07-06 20:45:00,"AW/AY",2025-11-20 20:51:00,2023-07-06,"64a",2,10,4,"1a 1b 2a 2b",0,0,"M alates present",2023-07-06 20:51:00,"evening",13.76,83.3,0.487,2.325,0.909,0,2.02,1.353,30.49,0.099,10.975858746964,-0.710000000000001,2.8,-3.44,-0.100000000000001,0,-0.177572719965784,20:45:00,34.69677,-120.04749,"field",28.0411727663436,0,0,0,0,20,35,4,55,-15,-0.55748131540679,TRUE,TRUE,TRUE
